pdexid,name,fallbackIcon,type1,type2
001,Bulbasaur,https://img.pokemondb.net/sprites/sword-shield/icon/bulbasaur.png,grass,poison
002,Ivysaur,https://img.pokemondb.net/sprites/sword-shield/icon/ivysaur.png,grass,poison
003,Venusaur,https://img.pokemondb.net/sprites/sword-shield/icon/venusaur-mega.png,grass,poison
003,Venusaur,https://img.pokemondb.net/sprites/sword-shield/icon/venusaur.png,grass,poison
004,Charmander,https://img.pokemondb.net/sprites/sword-shield/icon/charmander.png,fire,
005,Charmeleon,https://img.pokemondb.net/sprites/sword-shield/icon/charmeleon.png,fire,
006,Charizard,https://img.pokemondb.net/sprites/sword-shield/icon/charizard-mega-x.png,fire,dragon
006,Charizard,https://img.pokemondb.net/sprites/sword-shield/icon/charizard-mega-y.png,fire,flying
006,Charizard,https://img.pokemondb.net/sprites/sword-shield/icon/charizard.png,fire,flying
007,Squirtle,https://img.pokemondb.net/sprites/sword-shield/icon/squirtle.png,water,
008,Wartortle,https://img.pokemondb.net/sprites/sword-shield/icon/wartortle.png,water,
009,Blastoise,https://img.pokemondb.net/sprites/sword-shield/icon/blastoise-mega.png,water,
009,Blastoise,https://img.pokemondb.net/sprites/sword-shield/icon/blastoise.png,water,
010,Caterpie,https://img.pokemondb.net/sprites/sword-shield/icon/caterpie.png,bug,
011,Metapod,https://img.pokemondb.net/sprites/sword-shield/icon/metapod.png,bug,
012,Butterfree,https://img.pokemondb.net/sprites/sword-shield/icon/butterfree.png,bug,flying
013,Weedle,https://img.pokemondb.net/sprites/sword-shield/icon/weedle.png,bug,poison
014,Kakuna,https://img.pokemondb.net/sprites/sword-shield/icon/kakuna.png,bug,poison
015,Beedrill,https://img.pokemondb.net/sprites/sword-shield/icon/beedrill-mega.png,bug,poison
015,Beedrill,https://img.pokemondb.net/sprites/sword-shield/icon/beedrill.png,bug,poison
016,Pidgey,https://img.pokemondb.net/sprites/sword-shield/icon/pidgey.png,normal,flying
017,Pidgeotto,https://img.pokemondb.net/sprites/sword-shield/icon/pidgeotto.png,normal,flying
018,Pidgeot,https://img.pokemondb.net/sprites/sword-shield/icon/pidgeot-mega.png,normal,flying
018,Pidgeot,https://img.pokemondb.net/sprites/sword-shield/icon/pidgeot.png,normal,flying
019,Rattata,https://img.pokemondb.net/sprites/sword-shield/icon/rattata-alolan.png,dark,normal
019,Rattata,https://img.pokemondb.net/sprites/sword-shield/icon/rattata.png,normal,
020,Raticate,https://img.pokemondb.net/sprites/sword-shield/icon/raticate-alolan.png,dark,normal
020,Raticate,https://img.pokemondb.net/sprites/sword-shield/icon/raticate.png,normal,
021,Spearow,https://img.pokemondb.net/sprites/sword-shield/icon/spearow.png,normal,flying
022,Fearow,https://img.pokemondb.net/sprites/sword-shield/icon/fearow.png,normal,flying
023,Ekans,https://img.pokemondb.net/sprites/sword-shield/icon/ekans.png,poison,
024,Arbok,https://img.pokemondb.net/sprites/sword-shield/icon/arbok.png,poison,
025,Pikachu,https://img.pokemondb.net/sprites/sword-shield/icon/pikachu-lets-go.png,electric,
025,Pikachu,https://img.pokemondb.net/sprites/sword-shield/icon/pikachu.png,electric,
026,Raichu,https://img.pokemondb.net/sprites/sword-shield/icon/raichu-alolan.png,electric,psychic
026,Raichu,https://img.pokemondb.net/sprites/sword-shield/icon/raichu.png,electric,
027,Sandshrew,https://img.pokemondb.net/sprites/sword-shield/icon/sandshrew-alolan.png,ice,steel
027,Sandshrew,https://img.pokemondb.net/sprites/sword-shield/icon/sandshrew.png,ground,
028,Sandslash,https://img.pokemondb.net/sprites/sword-shield/icon/sandslash-alolan.png,ice,steel
028,Sandslash,https://img.pokemondb.net/sprites/sword-shield/icon/sandslash.png,ground,
029,Nidoranâ,https://img.pokemondb.net/sprites/sword-shield/icon/nidoran-f.png,poison,
030,Nidorina,https://img.pokemondb.net/sprites/sword-shield/icon/nidorina.png,poison,
031,Nidoqueen,https://img.pokemondb.net/sprites/sword-shield/icon/nidoqueen.png,poison,ground
032,Nidoranâ,https://img.pokemondb.net/sprites/sword-shield/icon/nidoran-m.png,poison,
033,Nidorino,https://img.pokemondb.net/sprites/sword-shield/icon/nidorino.png,poison,
034,Nidoking,https://img.pokemondb.net/sprites/sword-shield/icon/nidoking.png,poison,ground
035,Clefairy,https://img.pokemondb.net/sprites/sword-shield/icon/clefairy.png,fairy,
036,Clefable,https://img.pokemondb.net/sprites/sword-shield/icon/clefable.png,fairy,
037,Vulpix,https://img.pokemondb.net/sprites/sword-shield/icon/vulpix-alolan.png,ice,
037,Vulpix,https://img.pokemondb.net/sprites/sword-shield/icon/vulpix.png,fire,
038,Ninetales,https://img.pokemondb.net/sprites/sword-shield/icon/ninetales-alolan.png,ice,fairy
038,Ninetales,https://img.pokemondb.net/sprites/sword-shield/icon/ninetales.png,fire,
039,Jigglypuff,https://img.pokemondb.net/sprites/sword-shield/icon/jigglypuff.png,normal,fairy
040,Wigglytuff,https://img.pokemondb.net/sprites/sword-shield/icon/wigglytuff.png,normal,fairy
041,Zubat,https://img.pokemondb.net/sprites/sword-shield/icon/zubat.png,poison,flying
042,Golbat,https://img.pokemondb.net/sprites/sword-shield/icon/golbat.png,poison,flying
043,Oddish,https://img.pokemondb.net/sprites/sword-shield/icon/oddish.png,grass,poison
044,Gloom,https://img.pokemondb.net/sprites/sword-shield/icon/gloom.png,grass,poison
045,Vileplume,https://img.pokemondb.net/sprites/sword-shield/icon/vileplume.png,grass,poison
046,Paras,https://img.pokemondb.net/sprites/sword-shield/icon/paras.png,bug,grass
047,Parasect,https://img.pokemondb.net/sprites/sword-shield/icon/parasect.png,bug,grass
048,Venonat,https://img.pokemondb.net/sprites/sword-shield/icon/venonat.png,bug,poison
049,Venomoth,https://img.pokemondb.net/sprites/sword-shield/icon/venomoth.png,bug,poison
050,Diglett,https://img.pokemondb.net/sprites/sword-shield/icon/diglett-alolan.png,ground,steel
050,Diglett,https://img.pokemondb.net/sprites/sword-shield/icon/diglett.png,ground,
051,Dugtrio,https://img.pokemondb.net/sprites/sword-shield/icon/dugtrio-alolan.png,ground,steel
051,Dugtrio,https://img.pokemondb.net/sprites/sword-shield/icon/dugtrio.png,ground,
052,Meowth,https://img.pokemondb.net/sprites/sword-shield/icon/meowth-alolan.png,dark,
052,Meowth,https://img.pokemondb.net/sprites/sword-shield/icon/meowth-galarian.png,steel,
052,Meowth,https://img.pokemondb.net/sprites/sword-shield/icon/meowth.png,normal,
053,Persian,https://img.pokemondb.net/sprites/sword-shield/icon/persian-alolan.png,dark,
053,Persian,https://img.pokemondb.net/sprites/sword-shield/icon/persian.png,normal,
054,Psyduck,https://img.pokemondb.net/sprites/sword-shield/icon/psyduck.png,water,
055,Golduck,https://img.pokemondb.net/sprites/sword-shield/icon/golduck.png,water,
056,Mankey,https://img.pokemondb.net/sprites/sword-shield/icon/mankey.png,fighting,
057,Primeape,https://img.pokemondb.net/sprites/sword-shield/icon/primeape.png,fighting,
058,Growlithe,https://img.pokemondb.net/sprites/sword-shield/icon/growlithe.png,fire,
059,Arcanine,https://img.pokemondb.net/sprites/sword-shield/icon/arcanine.png,fire,
060,Poliwag,https://img.pokemondb.net/sprites/sword-shield/icon/poliwag.png,water,
061,Poliwhirl,https://img.pokemondb.net/sprites/sword-shield/icon/poliwhirl.png,water,
062,Poliwrath,https://img.pokemondb.net/sprites/sword-shield/icon/poliwrath.png,water,fighting
063,Abra,https://img.pokemondb.net/sprites/sword-shield/icon/abra.png,psychic,
064,Kadabra,https://img.pokemondb.net/sprites/sword-shield/icon/kadabra.png,psychic,
065,Alakazam,https://img.pokemondb.net/sprites/sword-shield/icon/alakazam-mega.png,psychic,
065,Alakazam,https://img.pokemondb.net/sprites/sword-shield/icon/alakazam.png,psychic,
066,Machop,https://img.pokemondb.net/sprites/sword-shield/icon/machop.png,fighting,
067,Machoke,https://img.pokemondb.net/sprites/sword-shield/icon/machoke.png,fighting,
068,Machamp,https://img.pokemondb.net/sprites/sword-shield/icon/machamp.png,fighting,
069,Bellsprout,https://img.pokemondb.net/sprites/sword-shield/icon/bellsprout.png,grass,poison
070,Weepinbell,https://img.pokemondb.net/sprites/sword-shield/icon/weepinbell.png,grass,poison
071,Victreebel,https://img.pokemondb.net/sprites/sword-shield/icon/victreebel.png,grass,poison
072,Tentacool,https://img.pokemondb.net/sprites/sword-shield/icon/tentacool.png,water,poison
073,Tentacruel,https://img.pokemondb.net/sprites/sword-shield/icon/tentacruel.png,water,poison
074,Geodude,https://img.pokemondb.net/sprites/sword-shield/icon/geodude-alolan.png,rock,electric
074,Geodude,https://img.pokemondb.net/sprites/sword-shield/icon/geodude.png,rock,ground
075,Graveler,https://img.pokemondb.net/sprites/sword-shield/icon/graveler-alolan.png,rock,electric
075,Graveler,https://img.pokemondb.net/sprites/sword-shield/icon/graveler.png,rock,ground
076,Golem,https://img.pokemondb.net/sprites/sword-shield/icon/golem-alolan.png,rock,electric
076,Golem,https://img.pokemondb.net/sprites/sword-shield/icon/golem.png,rock,ground
077,Ponyta,https://img.pokemondb.net/sprites/sword-shield/icon/ponyta-galarian.png,psychic,
077,Ponyta,https://img.pokemondb.net/sprites/sword-shield/icon/ponyta.png,fire,
078,Rapidash,https://img.pokemondb.net/sprites/sword-shield/icon/rapidash-galarian.png,psychic,fairy
078,Rapidash,https://img.pokemondb.net/sprites/sword-shield/icon/rapidash.png,fire,
079,Slowpoke,https://img.pokemondb.net/sprites/sword-shield/icon/slowpoke-galarian.png,psychic,
079,Slowpoke,https://img.pokemondb.net/sprites/sword-shield/icon/slowpoke.png,water,psychic
080,Slowbro,https://img.pokemondb.net/sprites/sword-shield/icon/slowbro-galarian.png,poison,psychic
080,Slowbro,https://img.pokemondb.net/sprites/sword-shield/icon/slowbro-mega.png,water,psychic
080,Slowbro,https://img.pokemondb.net/sprites/sword-shield/icon/slowbro.png,water,psychic
081,Magnemite,https://img.pokemondb.net/sprites/sword-shield/icon/magnemite.png,electric,steel
082,Magneton,https://img.pokemondb.net/sprites/sword-shield/icon/magneton.png,electric,steel
083,Farfetch,https://img.pokemondb.net/sprites/sword-shield/icon/farfetchd-galarian.png,fighting,
083,Farfetch,https://img.pokemondb.net/sprites/sword-shield/icon/farfetchd.png,normal,flying
084,Doduo,https://img.pokemondb.net/sprites/sword-shield/icon/doduo.png,normal,flying
085,Dodrio,https://img.pokemondb.net/sprites/sword-shield/icon/dodrio.png,normal,flying
086,Seel,https://img.pokemondb.net/sprites/sword-shield/icon/seel.png,water,
087,Dewgong,https://img.pokemondb.net/sprites/sword-shield/icon/dewgong.png,water,ice
088,Grimer,https://img.pokemondb.net/sprites/sword-shield/icon/grimer-alolan.png,poison,dark
088,Grimer,https://img.pokemondb.net/sprites/sword-shield/icon/grimer.png,poison,
089,Muk,https://img.pokemondb.net/sprites/sword-shield/icon/muk-alolan.png,poison,dark
089,Muk,https://img.pokemondb.net/sprites/sword-shield/icon/muk.png,poison,
090,Shellder,https://img.pokemondb.net/sprites/sword-shield/icon/shellder.png,water,
091,Cloyster,https://img.pokemondb.net/sprites/sword-shield/icon/cloyster.png,water,ice
092,Gastly,https://img.pokemondb.net/sprites/sword-shield/icon/gastly.png,ghost,poison
093,Haunter,https://img.pokemondb.net/sprites/sword-shield/icon/haunter.png,ghost,poison
094,Gengar,https://img.pokemondb.net/sprites/sword-shield/icon/gengar-mega.png,ghost,poison
094,Gengar,https://img.pokemondb.net/sprites/sword-shield/icon/gengar.png,ghost,poison
095,Onix,https://img.pokemondb.net/sprites/sword-shield/icon/onix.png,rock,ground
096,Drowzee,https://img.pokemondb.net/sprites/sword-shield/icon/drowzee.png,psychic,
097,Hypno,https://img.pokemondb.net/sprites/sword-shield/icon/hypno.png,psychic,
098,Krabby,https://img.pokemondb.net/sprites/sword-shield/icon/krabby.png,water,
099,Kingler,https://img.pokemondb.net/sprites/sword-shield/icon/kingler.png,water,
100,Voltorb,https://img.pokemondb.net/sprites/sword-shield/icon/voltorb.png,electric,
101,Electrode,https://img.pokemondb.net/sprites/sword-shield/icon/electrode.png,electric,
102,Exeggcute,https://img.pokemondb.net/sprites/sword-shield/icon/exeggcute.png,grass,psychic
103,Exeggutor,https://img.pokemondb.net/sprites/sword-shield/icon/exeggutor-alolan.png,grass,dragon
103,Exeggutor,https://img.pokemondb.net/sprites/sword-shield/icon/exeggutor.png,grass,psychic
104,Cubone,https://img.pokemondb.net/sprites/sword-shield/icon/cubone.png,ground,
105,Marowak,https://img.pokemondb.net/sprites/sword-shield/icon/marowak-alolan.png,fire,ghost
105,Marowak,https://img.pokemondb.net/sprites/sword-shield/icon/marowak.png,ground,
106,Hitmonlee,https://img.pokemondb.net/sprites/sword-shield/icon/hitmonlee.png,fighting,
107,Hitmonchan,https://img.pokemondb.net/sprites/sword-shield/icon/hitmonchan.png,fighting,
108,Lickitung,https://img.pokemondb.net/sprites/sword-shield/icon/lickitung.png,normal,
109,Koffing,https://img.pokemondb.net/sprites/sword-shield/icon/koffing.png,poison,
110,Weezing,https://img.pokemondb.net/sprites/sword-shield/icon/weezing-galarian.png,poison,fairy
110,Weezing,https://img.pokemondb.net/sprites/sword-shield/icon/weezing.png,poison,
111,Rhyhorn,https://img.pokemondb.net/sprites/sword-shield/icon/rhyhorn.png,ground,rock
112,Rhydon,https://img.pokemondb.net/sprites/sword-shield/icon/rhydon.png,ground,rock
113,Chansey,https://img.pokemondb.net/sprites/sword-shield/icon/chansey.png,normal,
114,Tangela,https://img.pokemondb.net/sprites/sword-shield/icon/tangela.png,grass,
115,Kangaskhan,https://img.pokemondb.net/sprites/sword-shield/icon/kangaskhan-mega.png,normal,
115,Kangaskhan,https://img.pokemondb.net/sprites/sword-shield/icon/kangaskhan.png,normal,
116,Horsea,https://img.pokemondb.net/sprites/sword-shield/icon/horsea.png,water,
117,Seadra,https://img.pokemondb.net/sprites/sword-shield/icon/seadra.png,water,
118,Goldeen,https://img.pokemondb.net/sprites/sword-shield/icon/goldeen.png,water,
119,Seaking,https://img.pokemondb.net/sprites/sword-shield/icon/seaking.png,water,
120,Staryu,https://img.pokemondb.net/sprites/sword-shield/icon/staryu.png,water,
121,Starmie,https://img.pokemondb.net/sprites/sword-shield/icon/starmie.png,water,psychic
122,Mr,https://img.pokemondb.net/sprites/sword-shield/icon/mr-mime-galarian.png,ice,psychic
122,Mr,https://img.pokemondb.net/sprites/sword-shield/icon/mr-mime.png,psychic,fairy
123,Scyther,https://img.pokemondb.net/sprites/sword-shield/icon/scyther.png,bug,flying
124,Jynx,https://img.pokemondb.net/sprites/sword-shield/icon/jynx.png,ice,psychic
125,Electabuzz,https://img.pokemondb.net/sprites/sword-shield/icon/electabuzz.png,electric,
126,Magmar,https://img.pokemondb.net/sprites/sword-shield/icon/magmar.png,fire,
127,Pinsir,https://img.pokemondb.net/sprites/sword-shield/icon/pinsir-mega.png,bug,flying
127,Pinsir,https://img.pokemondb.net/sprites/sword-shield/icon/pinsir.png,bug,
128,Tauros,https://img.pokemondb.net/sprites/sword-shield/icon/tauros.png,normal,
129,Magikarp,https://img.pokemondb.net/sprites/sword-shield/icon/magikarp.png,water,
130,Gyarados,https://img.pokemondb.net/sprites/sword-shield/icon/gyarados-mega.png,water,dark
130,Gyarados,https://img.pokemondb.net/sprites/sword-shield/icon/gyarados.png,water,flying
131,Lapras,https://img.pokemondb.net/sprites/sword-shield/icon/lapras.png,water,ice
132,Ditto,https://img.pokemondb.net/sprites/sword-shield/icon/ditto.png,normal,
133,Eevee,https://img.pokemondb.net/sprites/sword-shield/icon/eevee-lets-go.png,normal,
133,Eevee,https://img.pokemondb.net/sprites/sword-shield/icon/eevee.png,normal,
134,Vaporeon,https://img.pokemondb.net/sprites/sword-shield/icon/vaporeon.png,water,
135,Jolteon,https://img.pokemondb.net/sprites/sword-shield/icon/jolteon.png,electric,
136,Flareon,https://img.pokemondb.net/sprites/sword-shield/icon/flareon.png,fire,
137,Porygon,https://img.pokemondb.net/sprites/sword-shield/icon/porygon.png,normal,
138,Omanyte,https://img.pokemondb.net/sprites/sword-shield/icon/omanyte.png,rock,water
139,Omastar,https://img.pokemondb.net/sprites/sword-shield/icon/omastar.png,rock,water
140,Kabuto,https://img.pokemondb.net/sprites/sword-shield/icon/kabuto.png,rock,water
141,Kabutops,https://img.pokemondb.net/sprites/sword-shield/icon/kabutops.png,rock,water
142,Aerodactyl,https://img.pokemondb.net/sprites/sword-shield/icon/aerodactyl-mega.png,rock,flying
142,Aerodactyl,https://img.pokemondb.net/sprites/sword-shield/icon/aerodactyl.png,rock,flying
143,Snorlax,https://img.pokemondb.net/sprites/sword-shield/icon/snorlax.png,normal,
144,Articuno,https://img.pokemondb.net/sprites/sword-shield/icon/articuno-galarian.png,psychic,flying
144,Articuno,https://img.pokemondb.net/sprites/sword-shield/icon/articuno.png,ice,flying
145,Zapdos,https://img.pokemondb.net/sprites/sword-shield/icon/zapdos-galarian.png,fighting,flying
145,Zapdos,https://img.pokemondb.net/sprites/sword-shield/icon/zapdos.png,electric,flying
146,Moltres,https://img.pokemondb.net/sprites/sword-shield/icon/moltres-galarian.png,dark,flying
146,Moltres,https://img.pokemondb.net/sprites/sword-shield/icon/moltres.png,fire,flying
147,Dratini,https://img.pokemondb.net/sprites/sword-shield/icon/dratini.png,dragon,
148,Dragonair,https://img.pokemondb.net/sprites/sword-shield/icon/dragonair.png,dragon,
149,Dragonite,https://img.pokemondb.net/sprites/sword-shield/icon/dragonite.png,dragon,flying
150,Mewtwo,https://img.pokemondb.net/sprites/sword-shield/icon/mewtwo-mega-x.png,psychic,fighting
150,Mewtwo,https://img.pokemondb.net/sprites/sword-shield/icon/mewtwo-mega-y.png,psychic,
150,Mewtwo,https://img.pokemondb.net/sprites/sword-shield/icon/mewtwo.png,psychic,
151,Mew,https://img.pokemondb.net/sprites/sword-shield/icon/mew.png,psychic,
152,Chikorita,https://img.pokemondb.net/sprites/sword-shield/icon/chikorita.png,grass,
153,Bayleef,https://img.pokemondb.net/sprites/sword-shield/icon/bayleef.png,grass,
154,Meganium,https://img.pokemondb.net/sprites/sword-shield/icon/meganium.png,grass,
155,Cyndaquil,https://img.pokemondb.net/sprites/sword-shield/icon/cyndaquil.png,fire,
156,Quilava,https://img.pokemondb.net/sprites/sword-shield/icon/quilava.png,fire,
157,Typhlosion,https://img.pokemondb.net/sprites/sword-shield/icon/typhlosion.png,fire,
158,Totodile,https://img.pokemondb.net/sprites/sword-shield/icon/totodile.png,water,
159,Croconaw,https://img.pokemondb.net/sprites/sword-shield/icon/croconaw.png,water,
160,Feraligatr,https://img.pokemondb.net/sprites/sword-shield/icon/feraligatr.png,water,
161,Sentret,https://img.pokemondb.net/sprites/sword-shield/icon/sentret.png,normal,
162,Furret,https://img.pokemondb.net/sprites/sword-shield/icon/furret.png,normal,
163,Hoothoot,https://img.pokemondb.net/sprites/sword-shield/icon/hoothoot.png,normal,flying
164,Noctowl,https://img.pokemondb.net/sprites/sword-shield/icon/noctowl.png,normal,flying
165,Ledyba,https://img.pokemondb.net/sprites/sword-shield/icon/ledyba.png,bug,flying
166,Ledian,https://img.pokemondb.net/sprites/sword-shield/icon/ledian.png,bug,flying
167,Spinarak,https://img.pokemondb.net/sprites/sword-shield/icon/spinarak.png,bug,poison
168,Ariados,https://img.pokemondb.net/sprites/sword-shield/icon/ariados.png,bug,poison
169,Crobat,https://img.pokemondb.net/sprites/sword-shield/icon/crobat.png,poison,flying
170,Chinchou,https://img.pokemondb.net/sprites/sword-shield/icon/chinchou.png,water,electric
171,Lanturn,https://img.pokemondb.net/sprites/sword-shield/icon/lanturn.png,water,electric
172,Pichu,https://img.pokemondb.net/sprites/sword-shield/icon/pichu.png,electric,
173,Cleffa,https://img.pokemondb.net/sprites/sword-shield/icon/cleffa.png,fairy,
174,Igglybuff,https://img.pokemondb.net/sprites/sword-shield/icon/igglybuff.png,normal,fairy
175,Togepi,https://img.pokemondb.net/sprites/sword-shield/icon/togepi.png,fairy,
176,Togetic,https://img.pokemondb.net/sprites/sword-shield/icon/togetic.png,fairy,flying
177,Natu,https://img.pokemondb.net/sprites/sword-shield/icon/natu.png,psychic,flying
178,Xatu,https://img.pokemondb.net/sprites/sword-shield/icon/xatu.png,psychic,flying
179,Mareep,https://img.pokemondb.net/sprites/sword-shield/icon/mareep.png,electric,
180,Flaaffy,https://img.pokemondb.net/sprites/sword-shield/icon/flaaffy.png,electric,
181,Ampharos,https://img.pokemondb.net/sprites/sword-shield/icon/ampharos-mega.png,electric,dragon
181,Ampharos,https://img.pokemondb.net/sprites/sword-shield/icon/ampharos.png,electric,
182,Bellossom,https://img.pokemondb.net/sprites/sword-shield/icon/bellossom.png,grass,
183,Marill,https://img.pokemondb.net/sprites/sword-shield/icon/marill.png,water,fairy
184,Azumarill,https://img.pokemondb.net/sprites/sword-shield/icon/azumarill.png,water,fairy
185,Sudowoodo,https://img.pokemondb.net/sprites/sword-shield/icon/sudowoodo.png,rock,
186,Politoed,https://img.pokemondb.net/sprites/sword-shield/icon/politoed.png,water,
187,Hoppip,https://img.pokemondb.net/sprites/sword-shield/icon/hoppip.png,grass,flying
188,Skiploom,https://img.pokemondb.net/sprites/sword-shield/icon/skiploom.png,grass,flying
189,Jumpluff,https://img.pokemondb.net/sprites/sword-shield/icon/jumpluff.png,grass,flying
190,Aipom,https://img.pokemondb.net/sprites/sword-shield/icon/aipom.png,normal,
191,Sunkern,https://img.pokemondb.net/sprites/sword-shield/icon/sunkern.png,grass,
192,Sunflora,https://img.pokemondb.net/sprites/sword-shield/icon/sunflora.png,grass,
193,Yanma,https://img.pokemondb.net/sprites/sword-shield/icon/yanma.png,bug,flying
194,Wooper,https://img.pokemondb.net/sprites/sword-shield/icon/wooper.png,water,ground
195,Quagsire,https://img.pokemondb.net/sprites/sword-shield/icon/quagsire.png,water,ground
196,Espeon,https://img.pokemondb.net/sprites/sword-shield/icon/espeon.png,psychic,
197,Umbreon,https://img.pokemondb.net/sprites/sword-shield/icon/umbreon.png,dark,
198,Murkrow,https://img.pokemondb.net/sprites/sword-shield/icon/murkrow.png,dark,flying
199,Slowking,https://img.pokemondb.net/sprites/sword-shield/icon/slowking-galarian.png,poison,psychic
199,Slowking,https://img.pokemondb.net/sprites/sword-shield/icon/slowking.png,water,psychic
200,Misdreavus,https://img.pokemondb.net/sprites/sword-shield/icon/misdreavus.png,ghost,
201,Unown,https://img.pokemondb.net/sprites/sword-shield/icon/unown.png,psychic,
202,Wobbuffet,https://img.pokemondb.net/sprites/sword-shield/icon/wobbuffet.png,psychic,
203,Girafarig,https://img.pokemondb.net/sprites/sword-shield/icon/girafarig.png,normal,psychic
204,Pineco,https://img.pokemondb.net/sprites/sword-shield/icon/pineco.png,bug,
205,Forretress,https://img.pokemondb.net/sprites/sword-shield/icon/forretress.png,bug,steel
206,Dunsparce,https://img.pokemondb.net/sprites/sword-shield/icon/dunsparce.png,normal,
207,Gligar,https://img.pokemondb.net/sprites/sword-shield/icon/gligar.png,ground,flying
208,Steelix,https://img.pokemondb.net/sprites/sword-shield/icon/steelix-mega.png,steel,ground
208,Steelix,https://img.pokemondb.net/sprites/sword-shield/icon/steelix.png,steel,ground
209,Snubbull,https://img.pokemondb.net/sprites/sword-shield/icon/snubbull.png,fairy,
210,Granbull,https://img.pokemondb.net/sprites/sword-shield/icon/granbull.png,fairy,
211,Qwilfish,https://img.pokemondb.net/sprites/sword-shield/icon/qwilfish.png,water,poison
212,Scizor,https://img.pokemondb.net/sprites/sword-shield/icon/scizor-mega.png,bug,steel
212,Scizor,https://img.pokemondb.net/sprites/sword-shield/icon/scizor.png,bug,steel
213,Shuckle,https://img.pokemondb.net/sprites/sword-shield/icon/shuckle.png,bug,rock
214,Heracross,https://img.pokemondb.net/sprites/sword-shield/icon/heracross-mega.png,bug,fighting
214,Heracross,https://img.pokemondb.net/sprites/sword-shield/icon/heracross.png,bug,fighting
215,Sneasel,https://img.pokemondb.net/sprites/sword-shield/icon/sneasel.png,dark,ice
216,Teddiursa,https://img.pokemondb.net/sprites/sword-shield/icon/teddiursa.png,normal,
217,Ursaring,https://img.pokemondb.net/sprites/sword-shield/icon/ursaring.png,normal,
218,Slugma,https://img.pokemondb.net/sprites/sword-shield/icon/slugma.png,fire,
219,Magcargo,https://img.pokemondb.net/sprites/sword-shield/icon/magcargo.png,fire,rock
220,Swinub,https://img.pokemondb.net/sprites/sword-shield/icon/swinub.png,ice,ground
221,Piloswine,https://img.pokemondb.net/sprites/sword-shield/icon/piloswine.png,ice,ground
222,Corsola,https://img.pokemondb.net/sprites/sword-shield/icon/corsola-galarian.png,ghost,
222,Corsola,https://img.pokemondb.net/sprites/sword-shield/icon/corsola.png,water,rock
223,Remoraid,https://img.pokemondb.net/sprites/sword-shield/icon/remoraid.png,water,
224,Octillery,https://img.pokemondb.net/sprites/sword-shield/icon/octillery.png,water,
225,Delibird,https://img.pokemondb.net/sprites/sword-shield/icon/delibird.png,ice,flying
226,Mantine,https://img.pokemondb.net/sprites/sword-shield/icon/mantine.png,water,flying
227,Skarmory,https://img.pokemondb.net/sprites/sword-shield/icon/skarmory.png,steel,flying
228,Houndour,https://img.pokemondb.net/sprites/sword-shield/icon/houndour.png,dark,fire
229,Houndoom,https://img.pokemondb.net/sprites/sword-shield/icon/houndoom-mega.png,dark,fire
229,Houndoom,https://img.pokemondb.net/sprites/sword-shield/icon/houndoom.png,dark,fire
230,Kingdra,https://img.pokemondb.net/sprites/sword-shield/icon/kingdra.png,water,dragon
231,Phanpy,https://img.pokemondb.net/sprites/sword-shield/icon/phanpy.png,ground,
232,Donphan,https://img.pokemondb.net/sprites/sword-shield/icon/donphan.png,ground,
233,Porygon2,https://img.pokemondb.net/sprites/sword-shield/icon/porygon2.png,normal,
234,Stantler,https://img.pokemondb.net/sprites/sword-shield/icon/stantler.png,normal,
235,Smeargle,https://img.pokemondb.net/sprites/sword-shield/icon/smeargle.png,normal,
236,Tyrogue,https://img.pokemondb.net/sprites/sword-shield/icon/tyrogue.png,fighting,
237,Hitmontop,https://img.pokemondb.net/sprites/sword-shield/icon/hitmontop.png,fighting,
238,Smoochum,https://img.pokemondb.net/sprites/sword-shield/icon/smoochum.png,ice,psychic
239,Elekid,https://img.pokemondb.net/sprites/sword-shield/icon/elekid.png,electric,
240,Magby,https://img.pokemondb.net/sprites/sword-shield/icon/magby.png,fire,
241,Miltank,https://img.pokemondb.net/sprites/sword-shield/icon/miltank.png,normal,
242,Blissey,https://img.pokemondb.net/sprites/sword-shield/icon/blissey.png,normal,
243,Raikou,https://img.pokemondb.net/sprites/sword-shield/icon/raikou.png,electric,
244,Entei,https://img.pokemondb.net/sprites/sword-shield/icon/entei.png,fire,
245,Suicune,https://img.pokemondb.net/sprites/sword-shield/icon/suicune.png,water,
246,Larvitar,https://img.pokemondb.net/sprites/sword-shield/icon/larvitar.png,rock,ground
247,Pupitar,https://img.pokemondb.net/sprites/sword-shield/icon/pupitar.png,rock,ground
248,Tyranitar,https://img.pokemondb.net/sprites/sword-shield/icon/tyranitar-mega.png,rock,dark
248,Tyranitar,https://img.pokemondb.net/sprites/sword-shield/icon/tyranitar.png,rock,dark
249,Lugia,https://img.pokemondb.net/sprites/sword-shield/icon/lugia.png,psychic,flying
250,Ho,https://img.pokemondb.net/sprites/sword-shield/icon/ho-oh.png,fire,flying
251,Celebi,https://img.pokemondb.net/sprites/sword-shield/icon/celebi.png,psychic,grass
252,Treecko,https://img.pokemondb.net/sprites/sword-shield/icon/treecko.png,grass,
253,Grovyle,https://img.pokemondb.net/sprites/sword-shield/icon/grovyle.png,grass,
254,Sceptile,https://img.pokemondb.net/sprites/sword-shield/icon/sceptile-mega.png,grass,dragon
254,Sceptile,https://img.pokemondb.net/sprites/sword-shield/icon/sceptile.png,grass,
255,Torchic,https://img.pokemondb.net/sprites/sword-shield/icon/torchic.png,fire,
256,Combusken,https://img.pokemondb.net/sprites/sword-shield/icon/combusken.png,fire,fighting
257,Blaziken,https://img.pokemondb.net/sprites/sword-shield/icon/blaziken-mega.png,fire,fighting
257,Blaziken,https://img.pokemondb.net/sprites/sword-shield/icon/blaziken.png,fire,fighting
258,Mudkip,https://img.pokemondb.net/sprites/sword-shield/icon/mudkip.png,water,
259,Marshtomp,https://img.pokemondb.net/sprites/sword-shield/icon/marshtomp.png,water,ground
260,Swampert,https://img.pokemondb.net/sprites/sword-shield/icon/swampert-mega.png,water,ground
260,Swampert,https://img.pokemondb.net/sprites/sword-shield/icon/swampert.png,water,ground
261,Poochyena,https://img.pokemondb.net/sprites/sword-shield/icon/poochyena.png,dark,
262,Mightyena,https://img.pokemondb.net/sprites/sword-shield/icon/mightyena.png,dark,
263,Zigzagoon,https://img.pokemondb.net/sprites/sword-shield/icon/zigzagoon-galarian.png,dark,normal
263,Zigzagoon,https://img.pokemondb.net/sprites/sword-shield/icon/zigzagoon.png,normal,
264,Linoone,https://img.pokemondb.net/sprites/sword-shield/icon/linoone-galarian.png,dark,normal
264,Linoone,https://img.pokemondb.net/sprites/sword-shield/icon/linoone.png,normal,
265,Wurmple,https://img.pokemondb.net/sprites/sword-shield/icon/wurmple.png,bug,
266,Silcoon,https://img.pokemondb.net/sprites/sword-shield/icon/silcoon.png,bug,
267,Beautifly,https://img.pokemondb.net/sprites/sword-shield/icon/beautifly.png,bug,flying
268,Cascoon,https://img.pokemondb.net/sprites/sword-shield/icon/cascoon.png,bug,
269,Dustox,https://img.pokemondb.net/sprites/sword-shield/icon/dustox.png,bug,poison
270,Lotad,https://img.pokemondb.net/sprites/sword-shield/icon/lotad.png,water,grass
271,Lombre,https://img.pokemondb.net/sprites/sword-shield/icon/lombre.png,water,grass
272,Ludicolo,https://img.pokemondb.net/sprites/sword-shield/icon/ludicolo.png,water,grass
273,Seedot,https://img.pokemondb.net/sprites/sword-shield/icon/seedot.png,grass,
274,Nuzleaf,https://img.pokemondb.net/sprites/sword-shield/icon/nuzleaf.png,grass,dark
275,Shiftry,https://img.pokemondb.net/sprites/sword-shield/icon/shiftry.png,grass,dark
276,Taillow,https://img.pokemondb.net/sprites/sword-shield/icon/taillow.png,normal,flying
277,Swellow,https://img.pokemondb.net/sprites/sword-shield/icon/swellow.png,normal,flying
278,Wingull,https://img.pokemondb.net/sprites/sword-shield/icon/wingull.png,water,flying
279,Pelipper,https://img.pokemondb.net/sprites/sword-shield/icon/pelipper.png,water,flying
280,Ralts,https://img.pokemondb.net/sprites/sword-shield/icon/ralts.png,psychic,fairy
281,Kirlia,https://img.pokemondb.net/sprites/sword-shield/icon/kirlia.png,psychic,fairy
282,Gardevoir,https://img.pokemondb.net/sprites/sword-shield/icon/gardevoir-mega.png,psychic,fairy
282,Gardevoir,https://img.pokemondb.net/sprites/sword-shield/icon/gardevoir.png,psychic,fairy
283,Surskit,https://img.pokemondb.net/sprites/sword-shield/icon/surskit.png,bug,water
284,Masquerain,https://img.pokemondb.net/sprites/sword-shield/icon/masquerain.png,bug,flying
285,Shroomish,https://img.pokemondb.net/sprites/sword-shield/icon/shroomish.png,grass,
286,Breloom,https://img.pokemondb.net/sprites/sword-shield/icon/breloom.png,grass,fighting
287,Slakoth,https://img.pokemondb.net/sprites/sword-shield/icon/slakoth.png,normal,
288,Vigoroth,https://img.pokemondb.net/sprites/sword-shield/icon/vigoroth.png,normal,
289,Slaking,https://img.pokemondb.net/sprites/sword-shield/icon/slaking.png,normal,
290,Nincada,https://img.pokemondb.net/sprites/sword-shield/icon/nincada.png,bug,ground
291,Ninjask,https://img.pokemondb.net/sprites/sword-shield/icon/ninjask.png,bug,flying
292,Shedinja,https://img.pokemondb.net/sprites/sword-shield/icon/shedinja.png,bug,ghost
293,Whismur,https://img.pokemondb.net/sprites/sword-shield/icon/whismur.png,normal,
294,Loudred,https://img.pokemondb.net/sprites/sword-shield/icon/loudred.png,normal,
295,Exploud,https://img.pokemondb.net/sprites/sword-shield/icon/exploud.png,normal,
296,Makuhita,https://img.pokemondb.net/sprites/sword-shield/icon/makuhita.png,fighting,
297,Hariyama,https://img.pokemondb.net/sprites/sword-shield/icon/hariyama.png,fighting,
298,Azurill,https://img.pokemondb.net/sprites/sword-shield/icon/azurill.png,normal,fairy
299,Nosepass,https://img.pokemondb.net/sprites/sword-shield/icon/nosepass.png,rock,
300,Skitty,https://img.pokemondb.net/sprites/sword-shield/icon/skitty.png,normal,
301,Delcatty,https://img.pokemondb.net/sprites/sword-shield/icon/delcatty.png,normal,
302,Sableye,https://img.pokemondb.net/sprites/sword-shield/icon/sableye-mega.png,dark,ghost
302,Sableye,https://img.pokemondb.net/sprites/sword-shield/icon/sableye.png,dark,ghost
303,Mawile,https://img.pokemondb.net/sprites/sword-shield/icon/mawile-mega.png,steel,fairy
303,Mawile,https://img.pokemondb.net/sprites/sword-shield/icon/mawile.png,steel,fairy
304,Aron,https://img.pokemondb.net/sprites/sword-shield/icon/aron.png,steel,rock
305,Lairon,https://img.pokemondb.net/sprites/sword-shield/icon/lairon.png,steel,rock
306,Aggron,https://img.pokemondb.net/sprites/sword-shield/icon/aggron-mega.png,steel,
306,Aggron,https://img.pokemondb.net/sprites/sword-shield/icon/aggron.png,steel,rock
307,Meditite,https://img.pokemondb.net/sprites/sword-shield/icon/meditite.png,fighting,psychic
308,Medicham,https://img.pokemondb.net/sprites/sword-shield/icon/medicham-mega.png,fighting,psychic
308,Medicham,https://img.pokemondb.net/sprites/sword-shield/icon/medicham.png,fighting,psychic
309,Electrike,https://img.pokemondb.net/sprites/sword-shield/icon/electrike.png,electric,
310,Manectric,https://img.pokemondb.net/sprites/sword-shield/icon/manectric-mega.png,electric,
310,Manectric,https://img.pokemondb.net/sprites/sword-shield/icon/manectric.png,electric,
311,Plusle,https://img.pokemondb.net/sprites/sword-shield/icon/plusle.png,electric,
312,Minun,https://img.pokemondb.net/sprites/sword-shield/icon/minun.png,electric,
313,Volbeat,https://img.pokemondb.net/sprites/sword-shield/icon/volbeat.png,bug,
314,Illumise,https://img.pokemondb.net/sprites/sword-shield/icon/illumise.png,bug,
315,Roselia,https://img.pokemondb.net/sprites/sword-shield/icon/roselia.png,grass,poison
316,Gulpin,https://img.pokemondb.net/sprites/sword-shield/icon/gulpin.png,poison,
317,Swalot,https://img.pokemondb.net/sprites/sword-shield/icon/swalot.png,poison,
318,Carvanha,https://img.pokemondb.net/sprites/sword-shield/icon/carvanha.png,water,dark
319,Sharpedo,https://img.pokemondb.net/sprites/sword-shield/icon/sharpedo-mega.png,water,dark
319,Sharpedo,https://img.pokemondb.net/sprites/sword-shield/icon/sharpedo.png,water,dark
320,Wailmer,https://img.pokemondb.net/sprites/sword-shield/icon/wailmer.png,water,
321,Wailord,https://img.pokemondb.net/sprites/sword-shield/icon/wailord.png,water,
322,Numel,https://img.pokemondb.net/sprites/sword-shield/icon/numel.png,fire,ground
323,Camerupt,https://img.pokemondb.net/sprites/sword-shield/icon/camerupt-mega.png,fire,ground
323,Camerupt,https://img.pokemondb.net/sprites/sword-shield/icon/camerupt.png,fire,ground
324,Torkoal,https://img.pokemondb.net/sprites/sword-shield/icon/torkoal.png,fire,
325,Spoink,https://img.pokemondb.net/sprites/sword-shield/icon/spoink.png,psychic,
326,Grumpig,https://img.pokemondb.net/sprites/sword-shield/icon/grumpig.png,psychic,
327,Spinda,https://img.pokemondb.net/sprites/sword-shield/icon/spinda.png,normal,
328,Trapinch,https://img.pokemondb.net/sprites/sword-shield/icon/trapinch.png,ground,
329,Vibrava,https://img.pokemondb.net/sprites/sword-shield/icon/vibrava.png,ground,dragon
330,Flygon,https://img.pokemondb.net/sprites/sword-shield/icon/flygon.png,ground,dragon
331,Cacnea,https://img.pokemondb.net/sprites/sword-shield/icon/cacnea.png,grass,
332,Cacturne,https://img.pokemondb.net/sprites/sword-shield/icon/cacturne.png,grass,dark
333,Swablu,https://img.pokemondb.net/sprites/sword-shield/icon/swablu.png,normal,flying
334,Altaria,https://img.pokemondb.net/sprites/sword-shield/icon/altaria-mega.png,dragon,fairy
334,Altaria,https://img.pokemondb.net/sprites/sword-shield/icon/altaria.png,dragon,flying
335,Zangoose,https://img.pokemondb.net/sprites/sword-shield/icon/zangoose.png,normal,
336,Seviper,https://img.pokemondb.net/sprites/sword-shield/icon/seviper.png,poison,
337,Lunatone,https://img.pokemondb.net/sprites/sword-shield/icon/lunatone.png,rock,psychic
338,Solrock,https://img.pokemondb.net/sprites/sword-shield/icon/solrock.png,rock,psychic
339,Barboach,https://img.pokemondb.net/sprites/sword-shield/icon/barboach.png,water,ground
340,Whiscash,https://img.pokemondb.net/sprites/sword-shield/icon/whiscash.png,water,ground
341,Corphish,https://img.pokemondb.net/sprites/sword-shield/icon/corphish.png,water,
342,Crawdaunt,https://img.pokemondb.net/sprites/sword-shield/icon/crawdaunt.png,water,dark
343,Baltoy,https://img.pokemondb.net/sprites/sword-shield/icon/baltoy.png,ground,psychic
344,Claydol,https://img.pokemondb.net/sprites/sword-shield/icon/claydol.png,ground,psychic
345,Lileep,https://img.pokemondb.net/sprites/sword-shield/icon/lileep.png,rock,grass
346,Cradily,https://img.pokemondb.net/sprites/sword-shield/icon/cradily.png,rock,grass
347,Anorith,https://img.pokemondb.net/sprites/sword-shield/icon/anorith.png,rock,bug
348,Armaldo,https://img.pokemondb.net/sprites/sword-shield/icon/armaldo.png,rock,bug
349,Feebas,https://img.pokemondb.net/sprites/sword-shield/icon/feebas.png,water,
350,Milotic,https://img.pokemondb.net/sprites/sword-shield/icon/milotic.png,water,
351,Castform,https://img.pokemondb.net/sprites/sword-shield/icon/castform-rainy.png,water,
351,Castform,https://img.pokemondb.net/sprites/sword-shield/icon/castform-snowy.png,ice,
351,Castform,https://img.pokemondb.net/sprites/sword-shield/icon/castform-sunny.png,fire,
351,Castform,https://img.pokemondb.net/sprites/sword-shield/icon/castform.png,normal,
352,Kecleon,https://img.pokemondb.net/sprites/sword-shield/icon/kecleon.png,normal,
353,Shuppet,https://img.pokemondb.net/sprites/sword-shield/icon/shuppet.png,ghost,
354,Banette,https://img.pokemondb.net/sprites/sword-shield/icon/banette-mega.png,ghost,
354,Banette,https://img.pokemondb.net/sprites/sword-shield/icon/banette.png,ghost,
355,Duskull,https://img.pokemondb.net/sprites/sword-shield/icon/duskull.png,ghost,
356,Dusclops,https://img.pokemondb.net/sprites/sword-shield/icon/dusclops.png,ghost,
357,Tropius,https://img.pokemondb.net/sprites/sword-shield/icon/tropius.png,grass,flying
358,Chimecho,https://img.pokemondb.net/sprites/sword-shield/icon/chimecho.png,psychic,
359,Absol,https://img.pokemondb.net/sprites/sword-shield/icon/absol-mega.png,dark,
359,Absol,https://img.pokemondb.net/sprites/sword-shield/icon/absol.png,dark,
360,Wynaut,https://img.pokemondb.net/sprites/sword-shield/icon/wynaut.png,psychic,
361,Snorunt,https://img.pokemondb.net/sprites/sword-shield/icon/snorunt.png,ice,
362,Glalie,https://img.pokemondb.net/sprites/sword-shield/icon/glalie-mega.png,ice,
362,Glalie,https://img.pokemondb.net/sprites/sword-shield/icon/glalie.png,ice,
363,Spheal,https://img.pokemondb.net/sprites/sword-shield/icon/spheal.png,ice,water
364,Sealeo,https://img.pokemondb.net/sprites/sword-shield/icon/sealeo.png,ice,water
365,Walrein,https://img.pokemondb.net/sprites/sword-shield/icon/walrein.png,ice,water
366,Clamperl,https://img.pokemondb.net/sprites/sword-shield/icon/clamperl.png,water,
367,Huntail,https://img.pokemondb.net/sprites/sword-shield/icon/huntail.png,water,
368,Gorebyss,https://img.pokemondb.net/sprites/sword-shield/icon/gorebyss.png,water,
369,Relicanth,https://img.pokemondb.net/sprites/sword-shield/icon/relicanth.png,water,rock
370,Luvdisc,https://img.pokemondb.net/sprites/sword-shield/icon/luvdisc.png,water,
371,Bagon,https://img.pokemondb.net/sprites/sword-shield/icon/bagon.png,dragon,
372,Shelgon,https://img.pokemondb.net/sprites/sword-shield/icon/shelgon.png,dragon,
373,Salamence,https://img.pokemondb.net/sprites/sword-shield/icon/salamence-mega.png,dragon,flying
373,Salamence,https://img.pokemondb.net/sprites/sword-shield/icon/salamence.png,dragon,flying
374,Beldum,https://img.pokemondb.net/sprites/sword-shield/icon/beldum.png,steel,psychic
375,Metang,https://img.pokemondb.net/sprites/sword-shield/icon/metang.png,steel,psychic
376,Metagross,https://img.pokemondb.net/sprites/sword-shield/icon/metagross-mega.png,steel,psychic
376,Metagross,https://img.pokemondb.net/sprites/sword-shield/icon/metagross.png,steel,psychic
377,Regirock,https://img.pokemondb.net/sprites/sword-shield/icon/regirock.png,rock,
378,Regice,https://img.pokemondb.net/sprites/sword-shield/icon/regice.png,ice,
379,Registeel,https://img.pokemondb.net/sprites/sword-shield/icon/registeel.png,steel,
380,Latias,https://img.pokemondb.net/sprites/sword-shield/icon/latias-mega.png,dragon,psychic
380,Latias,https://img.pokemondb.net/sprites/sword-shield/icon/latias.png,dragon,psychic
381,Latios,https://img.pokemondb.net/sprites/sword-shield/icon/latios-mega.png,dragon,psychic
381,Latios,https://img.pokemondb.net/sprites/sword-shield/icon/latios.png,dragon,psychic
382,Kyogre,https://img.pokemondb.net/sprites/sword-shield/icon/kyogre-primal.png,water,
382,Kyogre,https://img.pokemondb.net/sprites/sword-shield/icon/kyogre.png,water,
383,Groudon,https://img.pokemondb.net/sprites/sword-shield/icon/groudon-primal.png,ground,fire
383,Groudon,https://img.pokemondb.net/sprites/sword-shield/icon/groudon.png,ground,
384,Rayquaza,https://img.pokemondb.net/sprites/sword-shield/icon/rayquaza-mega.png,dragon,flying
384,Rayquaza,https://img.pokemondb.net/sprites/sword-shield/icon/rayquaza.png,dragon,flying
385,Jirachi,https://img.pokemondb.net/sprites/sword-shield/icon/jirachi.png,steel,psychic
386,Deoxys,https://img.pokemondb.net/sprites/sword-shield/icon/deoxys-attack.png,psychic,
386,Deoxys,https://img.pokemondb.net/sprites/sword-shield/icon/deoxys-defense.png,psychic,
386,Deoxys,https://img.pokemondb.net/sprites/sword-shield/icon/deoxys-normal.png,psychic,
386,Deoxys,https://img.pokemondb.net/sprites/sword-shield/icon/deoxys-speed.png,psychic,
387,Turtwig,https://img.pokemondb.net/sprites/sword-shield/icon/turtwig.png,grass,
388,Grotle,https://img.pokemondb.net/sprites/sword-shield/icon/grotle.png,grass,
389,Torterra,https://img.pokemondb.net/sprites/sword-shield/icon/torterra.png,grass,ground
390,Chimchar,https://img.pokemondb.net/sprites/sword-shield/icon/chimchar.png,fire,
391,Monferno,https://img.pokemondb.net/sprites/sword-shield/icon/monferno.png,fire,fighting
392,Infernape,https://img.pokemondb.net/sprites/sword-shield/icon/infernape.png,fire,fighting
393,Piplup,https://img.pokemondb.net/sprites/sword-shield/icon/piplup.png,water,
394,Prinplup,https://img.pokemondb.net/sprites/sword-shield/icon/prinplup.png,water,
395,Empoleon,https://img.pokemondb.net/sprites/sword-shield/icon/empoleon.png,water,steel
396,Starly,https://img.pokemondb.net/sprites/sword-shield/icon/starly.png,normal,flying
397,Staravia,https://img.pokemondb.net/sprites/sword-shield/icon/staravia.png,normal,flying
398,Staraptor,https://img.pokemondb.net/sprites/sword-shield/icon/staraptor.png,normal,flying
399,Bidoof,https://img.pokemondb.net/sprites/sword-shield/icon/bidoof.png,normal,
400,Bibarel,https://img.pokemondb.net/sprites/sword-shield/icon/bibarel.png,normal,water
401,Kricketot,https://img.pokemondb.net/sprites/sword-shield/icon/kricketot.png,bug,
402,Kricketune,https://img.pokemondb.net/sprites/sword-shield/icon/kricketune.png,bug,
403,Shinx,https://img.pokemondb.net/sprites/sword-shield/icon/shinx.png,electric,
404,Luxio,https://img.pokemondb.net/sprites/sword-shield/icon/luxio.png,electric,
405,Luxray,https://img.pokemondb.net/sprites/sword-shield/icon/luxray.png,electric,
406,Budew,https://img.pokemondb.net/sprites/sword-shield/icon/budew.png,grass,poison
407,Roserade,https://img.pokemondb.net/sprites/sword-shield/icon/roserade.png,grass,poison
408,Cranidos,https://img.pokemondb.net/sprites/sword-shield/icon/cranidos.png,rock,
409,Rampardos,https://img.pokemondb.net/sprites/sword-shield/icon/rampardos.png,rock,
410,Shieldon,https://img.pokemondb.net/sprites/sword-shield/icon/shieldon.png,rock,steel
411,Bastiodon,https://img.pokemondb.net/sprites/sword-shield/icon/bastiodon.png,rock,steel
412,Burmy,https://img.pokemondb.net/sprites/sword-shield/icon/burmy.png,bug,
413,Wormadam,https://img.pokemondb.net/sprites/sword-shield/icon/wormadam-plant.png,bug,grass
413,Wormadam,https://img.pokemondb.net/sprites/sword-shield/icon/wormadam-sandy.png,bug,ground
413,Wormadam,https://img.pokemondb.net/sprites/sword-shield/icon/wormadam-trash.png,bug,steel
414,Mothim,https://img.pokemondb.net/sprites/sword-shield/icon/mothim.png,bug,flying
415,Combee,https://img.pokemondb.net/sprites/sword-shield/icon/combee.png,bug,flying
416,Vespiquen,https://img.pokemondb.net/sprites/sword-shield/icon/vespiquen.png,bug,flying
417,Pachirisu,https://img.pokemondb.net/sprites/sword-shield/icon/pachirisu.png,electric,
418,Buizel,https://img.pokemondb.net/sprites/sword-shield/icon/buizel.png,water,
419,Floatzel,https://img.pokemondb.net/sprites/sword-shield/icon/floatzel.png,water,
420,Cherubi,https://img.pokemondb.net/sprites/sword-shield/icon/cherubi.png,grass,
421,Cherrim,https://img.pokemondb.net/sprites/sword-shield/icon/cherrim.png,grass,
422,Shellos,https://img.pokemondb.net/sprites/sword-shield/icon/shellos.png,water,
423,Gastrodon,https://img.pokemondb.net/sprites/sword-shield/icon/gastrodon.png,water,ground
424,Ambipom,https://img.pokemondb.net/sprites/sword-shield/icon/ambipom.png,normal,
425,Drifloon,https://img.pokemondb.net/sprites/sword-shield/icon/drifloon.png,ghost,flying
426,Drifblim,https://img.pokemondb.net/sprites/sword-shield/icon/drifblim.png,ghost,flying
427,Buneary,https://img.pokemondb.net/sprites/sword-shield/icon/buneary.png,normal,
428,Lopunny,https://img.pokemondb.net/sprites/sword-shield/icon/lopunny-mega.png,normal,fighting
428,Lopunny,https://img.pokemondb.net/sprites/sword-shield/icon/lopunny.png,normal,
429,Mismagius,https://img.pokemondb.net/sprites/sword-shield/icon/mismagius.png,ghost,
430,Honchkrow,https://img.pokemondb.net/sprites/sword-shield/icon/honchkrow.png,dark,flying
431,Glameow,https://img.pokemondb.net/sprites/sword-shield/icon/glameow.png,normal,
432,Purugly,https://img.pokemondb.net/sprites/sword-shield/icon/purugly.png,normal,
433,Chingling,https://img.pokemondb.net/sprites/sword-shield/icon/chingling.png,psychic,
434,Stunky,https://img.pokemondb.net/sprites/sword-shield/icon/stunky.png,poison,dark
435,Skuntank,https://img.pokemondb.net/sprites/sword-shield/icon/skuntank.png,poison,dark
436,Bronzor,https://img.pokemondb.net/sprites/sword-shield/icon/bronzor.png,steel,psychic
437,Bronzong,https://img.pokemondb.net/sprites/sword-shield/icon/bronzong.png,steel,psychic
438,Bonsly,https://img.pokemondb.net/sprites/sword-shield/icon/bonsly.png,rock,
439,Mime,https://img.pokemondb.net/sprites/sword-shield/icon/mime-jr.png,psychic,fairy
440,Happiny,https://img.pokemondb.net/sprites/sword-shield/icon/happiny.png,normal,
441,Chatot,https://img.pokemondb.net/sprites/sword-shield/icon/chatot.png,normal,flying
442,Spiritomb,https://img.pokemondb.net/sprites/sword-shield/icon/spiritomb.png,ghost,dark
443,Gible,https://img.pokemondb.net/sprites/sword-shield/icon/gible.png,dragon,ground
444,Gabite,https://img.pokemondb.net/sprites/sword-shield/icon/gabite.png,dragon,ground
445,Garchomp,https://img.pokemondb.net/sprites/sword-shield/icon/garchomp-mega.png,dragon,ground
445,Garchomp,https://img.pokemondb.net/sprites/sword-shield/icon/garchomp.png,dragon,ground
446,Munchlax,https://img.pokemondb.net/sprites/sword-shield/icon/munchlax.png,normal,
447,Riolu,https://img.pokemondb.net/sprites/sword-shield/icon/riolu.png,fighting,
448,Lucario,https://img.pokemondb.net/sprites/sword-shield/icon/lucario-mega.png,fighting,steel
448,Lucario,https://img.pokemondb.net/sprites/sword-shield/icon/lucario.png,fighting,steel
449,Hippopotas,https://img.pokemondb.net/sprites/sword-shield/icon/hippopotas.png,ground,
450,Hippowdon,https://img.pokemondb.net/sprites/sword-shield/icon/hippowdon.png,ground,
451,Skorupi,https://img.pokemondb.net/sprites/sword-shield/icon/skorupi.png,poison,bug
452,Drapion,https://img.pokemondb.net/sprites/sword-shield/icon/drapion.png,poison,dark
453,Croagunk,https://img.pokemondb.net/sprites/sword-shield/icon/croagunk.png,poison,fighting
454,Toxicroak,https://img.pokemondb.net/sprites/sword-shield/icon/toxicroak.png,poison,fighting
455,Carnivine,https://img.pokemondb.net/sprites/sword-shield/icon/carnivine.png,grass,
456,Finneon,https://img.pokemondb.net/sprites/sword-shield/icon/finneon.png,water,
457,Lumineon,https://img.pokemondb.net/sprites/sword-shield/icon/lumineon.png,water,
458,Mantyke,https://img.pokemondb.net/sprites/sword-shield/icon/mantyke.png,water,flying
459,Snover,https://img.pokemondb.net/sprites/sword-shield/icon/snover.png,grass,ice
460,Abomasnow,https://img.pokemondb.net/sprites/sword-shield/icon/abomasnow-mega.png,grass,ice
460,Abomasnow,https://img.pokemondb.net/sprites/sword-shield/icon/abomasnow.png,grass,ice
461,Weavile,https://img.pokemondb.net/sprites/sword-shield/icon/weavile.png,dark,ice
462,Magnezone,https://img.pokemondb.net/sprites/sword-shield/icon/magnezone.png,electric,steel
463,Lickilicky,https://img.pokemondb.net/sprites/sword-shield/icon/lickilicky.png,normal,
464,Rhyperior,https://img.pokemondb.net/sprites/sword-shield/icon/rhyperior.png,ground,rock
465,Tangrowth,https://img.pokemondb.net/sprites/sword-shield/icon/tangrowth.png,grass,
466,Electivire,https://img.pokemondb.net/sprites/sword-shield/icon/electivire.png,electric,
467,Magmortar,https://img.pokemondb.net/sprites/sword-shield/icon/magmortar.png,fire,
468,Togekiss,https://img.pokemondb.net/sprites/sword-shield/icon/togekiss.png,fairy,flying
469,Yanmega,https://img.pokemondb.net/sprites/sword-shield/icon/yanmega.png,bug,flying
470,Leafeon,https://img.pokemondb.net/sprites/sword-shield/icon/leafeon.png,grass,
471,Glaceon,https://img.pokemondb.net/sprites/sword-shield/icon/glaceon.png,ice,
472,Gliscor,https://img.pokemondb.net/sprites/sword-shield/icon/gliscor.png,ground,flying
473,Mamoswine,https://img.pokemondb.net/sprites/sword-shield/icon/mamoswine.png,ice,ground
474,Porygon,https://img.pokemondb.net/sprites/sword-shield/icon/porygon-z.png,normal,
475,Gallade,https://img.pokemondb.net/sprites/sword-shield/icon/gallade-mega.png,psychic,fighting
475,Gallade,https://img.pokemondb.net/sprites/sword-shield/icon/gallade.png,psychic,fighting
476,Probopass,https://img.pokemondb.net/sprites/sword-shield/icon/probopass.png,rock,steel
477,Dusknoir,https://img.pokemondb.net/sprites/sword-shield/icon/dusknoir.png,ghost,
478,Froslass,https://img.pokemondb.net/sprites/sword-shield/icon/froslass.png,ice,ghost
479,Rotom,https://img.pokemondb.net/sprites/sword-shield/icon/rotom-fan.png,electric,flying
479,Rotom,https://img.pokemondb.net/sprites/sword-shield/icon/rotom-frost.png,electric,ice
479,Rotom,https://img.pokemondb.net/sprites/sword-shield/icon/rotom-heat.png,electric,fire
479,Rotom,https://img.pokemondb.net/sprites/sword-shield/icon/rotom-mow.png,electric,grass
479,Rotom,https://img.pokemondb.net/sprites/sword-shield/icon/rotom-wash.png,electric,water
479,Rotom,https://img.pokemondb.net/sprites/sword-shield/icon/rotom.png,electric,ghost
480,Uxie,https://img.pokemondb.net/sprites/sword-shield/icon/uxie.png,psychic,
481,Mesprit,https://img.pokemondb.net/sprites/sword-shield/icon/mesprit.png,psychic,
482,Azelf,https://img.pokemondb.net/sprites/sword-shield/icon/azelf.png,psychic,
483,Dialga,https://img.pokemondb.net/sprites/sword-shield/icon/dialga.png,steel,dragon
484,Palkia,https://img.pokemondb.net/sprites/sword-shield/icon/palkia.png,water,dragon
485,Heatran,https://img.pokemondb.net/sprites/sword-shield/icon/heatran.png,fire,steel
486,Regigigas,https://img.pokemondb.net/sprites/sword-shield/icon/regigigas.png,normal,
487,Giratina,https://img.pokemondb.net/sprites/sword-shield/icon/giratina-altered.png,ghost,dragon
487,Giratina,https://img.pokemondb.net/sprites/sword-shield/icon/giratina-origin.png,ghost,dragon
488,Cresselia,https://img.pokemondb.net/sprites/sword-shield/icon/cresselia.png,psychic,
489,Phione,https://img.pokemondb.net/sprites/sword-shield/icon/phione.png,water,
490,Manaphy,https://img.pokemondb.net/sprites/sword-shield/icon/manaphy.png,water,
491,Darkrai,https://img.pokemondb.net/sprites/sword-shield/icon/darkrai.png,dark,
492,Shaymin,https://img.pokemondb.net/sprites/sword-shield/icon/shaymin-land.png,grass,
492,Shaymin,https://img.pokemondb.net/sprites/sword-shield/icon/shaymin-sky.png,grass,flying
493,Arceus,https://img.pokemondb.net/sprites/sword-shield/icon/arceus.png,normal,
494,Victini,https://img.pokemondb.net/sprites/sword-shield/icon/victini.png,psychic,fire
495,Snivy,https://img.pokemondb.net/sprites/sword-shield/icon/snivy.png,grass,
496,Servine,https://img.pokemondb.net/sprites/sword-shield/icon/servine.png,grass,
497,Serperior,https://img.pokemondb.net/sprites/sword-shield/icon/serperior.png,grass,
498,Tepig,https://img.pokemondb.net/sprites/sword-shield/icon/tepig.png,fire,
499,Pignite,https://img.pokemondb.net/sprites/sword-shield/icon/pignite.png,fire,fighting
500,Emboar,https://img.pokemondb.net/sprites/sword-shield/icon/emboar.png,fire,fighting
501,Oshawott,https://img.pokemondb.net/sprites/sword-shield/icon/oshawott.png,water,
502,Dewott,https://img.pokemondb.net/sprites/sword-shield/icon/dewott.png,water,
503,Samurott,https://img.pokemondb.net/sprites/sword-shield/icon/samurott.png,water,
504,Patrat,https://img.pokemondb.net/sprites/sword-shield/icon/patrat.png,normal,
505,Watchog,https://img.pokemondb.net/sprites/sword-shield/icon/watchog.png,normal,
506,Lillipup,https://img.pokemondb.net/sprites/sword-shield/icon/lillipup.png,normal,
507,Herdier,https://img.pokemondb.net/sprites/sword-shield/icon/herdier.png,normal,
508,Stoutland,https://img.pokemondb.net/sprites/sword-shield/icon/stoutland.png,normal,
509,Purrloin,https://img.pokemondb.net/sprites/sword-shield/icon/purrloin.png,dark,
510,Liepard,https://img.pokemondb.net/sprites/sword-shield/icon/liepard.png,dark,
511,Pansage,https://img.pokemondb.net/sprites/sword-shield/icon/pansage.png,grass,
512,Simisage,https://img.pokemondb.net/sprites/sword-shield/icon/simisage.png,grass,
513,Pansear,https://img.pokemondb.net/sprites/sword-shield/icon/pansear.png,fire,
514,Simisear,https://img.pokemondb.net/sprites/sword-shield/icon/simisear.png,fire,
515,Panpour,https://img.pokemondb.net/sprites/sword-shield/icon/panpour.png,water,
516,Simipour,https://img.pokemondb.net/sprites/sword-shield/icon/simipour.png,water,
517,Munna,https://img.pokemondb.net/sprites/sword-shield/icon/munna.png,psychic,
518,Musharna,https://img.pokemondb.net/sprites/sword-shield/icon/musharna.png,psychic,
519,Pidove,https://img.pokemondb.net/sprites/sword-shield/icon/pidove.png,normal,flying
520,Tranquill,https://img.pokemondb.net/sprites/sword-shield/icon/tranquill.png,normal,flying
521,Unfezant,https://img.pokemondb.net/sprites/sword-shield/icon/unfezant.png,normal,flying
522,Blitzle,https://img.pokemondb.net/sprites/sword-shield/icon/blitzle.png,electric,
523,Zebstrika,https://img.pokemondb.net/sprites/sword-shield/icon/zebstrika.png,electric,
524,Roggenrola,https://img.pokemondb.net/sprites/sword-shield/icon/roggenrola.png,rock,
525,Boldore,https://img.pokemondb.net/sprites/sword-shield/icon/boldore.png,rock,
526,Gigalith,https://img.pokemondb.net/sprites/sword-shield/icon/gigalith.png,rock,
527,Woobat,https://img.pokemondb.net/sprites/sword-shield/icon/woobat.png,psychic,flying
528,Swoobat,https://img.pokemondb.net/sprites/sword-shield/icon/swoobat.png,psychic,flying
529,Drilbur,https://img.pokemondb.net/sprites/sword-shield/icon/drilbur.png,ground,
530,Excadrill,https://img.pokemondb.net/sprites/sword-shield/icon/excadrill.png,ground,steel
531,Audino,https://img.pokemondb.net/sprites/sword-shield/icon/audino-mega.png,normal,fairy
531,Audino,https://img.pokemondb.net/sprites/sword-shield/icon/audino.png,normal,
532,Timburr,https://img.pokemondb.net/sprites/sword-shield/icon/timburr.png,fighting,
533,Gurdurr,https://img.pokemondb.net/sprites/sword-shield/icon/gurdurr.png,fighting,
534,Conkeldurr,https://img.pokemondb.net/sprites/sword-shield/icon/conkeldurr.png,fighting,
535,Tympole,https://img.pokemondb.net/sprites/sword-shield/icon/tympole.png,water,
536,Palpitoad,https://img.pokemondb.net/sprites/sword-shield/icon/palpitoad.png,water,ground
537,Seismitoad,https://img.pokemondb.net/sprites/sword-shield/icon/seismitoad.png,water,ground
538,Throh,https://img.pokemondb.net/sprites/sword-shield/icon/throh.png,fighting,
539,Sawk,https://img.pokemondb.net/sprites/sword-shield/icon/sawk.png,fighting,
540,Sewaddle,https://img.pokemondb.net/sprites/sword-shield/icon/sewaddle.png,bug,grass
541,Swadloon,https://img.pokemondb.net/sprites/sword-shield/icon/swadloon.png,bug,grass
542,Leavanny,https://img.pokemondb.net/sprites/sword-shield/icon/leavanny.png,bug,grass
543,Venipede,https://img.pokemondb.net/sprites/sword-shield/icon/venipede.png,bug,poison
544,Whirlipede,https://img.pokemondb.net/sprites/sword-shield/icon/whirlipede.png,bug,poison
545,Scolipede,https://img.pokemondb.net/sprites/sword-shield/icon/scolipede.png,bug,poison
546,Cottonee,https://img.pokemondb.net/sprites/sword-shield/icon/cottonee.png,grass,fairy
547,Whimsicott,https://img.pokemondb.net/sprites/sword-shield/icon/whimsicott.png,grass,fairy
548,Petilil,https://img.pokemondb.net/sprites/sword-shield/icon/petilil.png,grass,
549,Lilligant,https://img.pokemondb.net/sprites/sword-shield/icon/lilligant.png,grass,
550,Basculin,https://img.pokemondb.net/sprites/sword-shield/icon/basculin-blue-striped.png,water,
550,Basculin,https://img.pokemondb.net/sprites/sword-shield/icon/basculin-red-striped.png,water,
551,Sandile,https://img.pokemondb.net/sprites/sword-shield/icon/sandile.png,ground,dark
552,Krokorok,https://img.pokemondb.net/sprites/sword-shield/icon/krokorok.png,ground,dark
553,Krookodile,https://img.pokemondb.net/sprites/sword-shield/icon/krookodile.png,ground,dark
554,Darumaka,https://img.pokemondb.net/sprites/sword-shield/icon/darumaka-galarian.png,ice,
554,Darumaka,https://img.pokemondb.net/sprites/sword-shield/icon/darumaka.png,fire,
555,Darmanitan,https://img.pokemondb.net/sprites/sword-shield/icon/darmanitan-galarian-standard.png,ice,
555,Darmanitan,https://img.pokemondb.net/sprites/sword-shield/icon/darmanitan-galarian-zen.png,ice,fire
555,Darmanitan,https://img.pokemondb.net/sprites/sword-shield/icon/darmanitan-standard.png,fire,
555,Darmanitan,https://img.pokemondb.net/sprites/sword-shield/icon/darmanitan-zen.png,fire,psychic
556,Maractus,https://img.pokemondb.net/sprites/sword-shield/icon/maractus.png,grass,
557,Dwebble,https://img.pokemondb.net/sprites/sword-shield/icon/dwebble.png,bug,rock
558,Crustle,https://img.pokemondb.net/sprites/sword-shield/icon/crustle.png,bug,rock
559,Scraggy,https://img.pokemondb.net/sprites/sword-shield/icon/scraggy.png,dark,fighting
560,Scrafty,https://img.pokemondb.net/sprites/sword-shield/icon/scrafty.png,dark,fighting
561,Sigilyph,https://img.pokemondb.net/sprites/sword-shield/icon/sigilyph.png,psychic,flying
562,Yamask,https://img.pokemondb.net/sprites/sword-shield/icon/yamask-galarian.png,ground,ghost
562,Yamask,https://img.pokemondb.net/sprites/sword-shield/icon/yamask.png,ghost,
563,Cofagrigus,https://img.pokemondb.net/sprites/sword-shield/icon/cofagrigus.png,ghost,
564,Tirtouga,https://img.pokemondb.net/sprites/sword-shield/icon/tirtouga.png,water,rock
565,Carracosta,https://img.pokemondb.net/sprites/sword-shield/icon/carracosta.png,water,rock
566,Archen,https://img.pokemondb.net/sprites/sword-shield/icon/archen.png,rock,flying
567,Archeops,https://img.pokemondb.net/sprites/sword-shield/icon/archeops.png,rock,flying
568,Trubbish,https://img.pokemondb.net/sprites/sword-shield/icon/trubbish.png,poison,
569,Garbodor,https://img.pokemondb.net/sprites/sword-shield/icon/garbodor.png,poison,
570,Zorua,https://img.pokemondb.net/sprites/sword-shield/icon/zorua.png,dark,
571,Zoroark,https://img.pokemondb.net/sprites/sword-shield/icon/zoroark.png,dark,
572,Minccino,https://img.pokemondb.net/sprites/sword-shield/icon/minccino.png,normal,
573,Cinccino,https://img.pokemondb.net/sprites/sword-shield/icon/cinccino.png,normal,
574,Gothita,https://img.pokemondb.net/sprites/sword-shield/icon/gothita.png,psychic,
575,Gothorita,https://img.pokemondb.net/sprites/sword-shield/icon/gothorita.png,psychic,
576,Gothitelle,https://img.pokemondb.net/sprites/sword-shield/icon/gothitelle.png,psychic,
577,Solosis,https://img.pokemondb.net/sprites/sword-shield/icon/solosis.png,psychic,
578,Duosion,https://img.pokemondb.net/sprites/sword-shield/icon/duosion.png,psychic,
579,Reuniclus,https://img.pokemondb.net/sprites/sword-shield/icon/reuniclus.png,psychic,
580,Ducklett,https://img.pokemondb.net/sprites/sword-shield/icon/ducklett.png,water,flying
581,Swanna,https://img.pokemondb.net/sprites/sword-shield/icon/swanna.png,water,flying
582,Vanillite,https://img.pokemondb.net/sprites/sword-shield/icon/vanillite.png,ice,
583,Vanillish,https://img.pokemondb.net/sprites/sword-shield/icon/vanillish.png,ice,
584,Vanilluxe,https://img.pokemondb.net/sprites/sword-shield/icon/vanilluxe.png,ice,
585,Deerling,https://img.pokemondb.net/sprites/sword-shield/icon/deerling.png,normal,grass
586,Sawsbuck,https://img.pokemondb.net/sprites/sword-shield/icon/sawsbuck.png,normal,grass
587,Emolga,https://img.pokemondb.net/sprites/sword-shield/icon/emolga.png,electric,flying
588,Karrablast,https://img.pokemondb.net/sprites/sword-shield/icon/karrablast.png,bug,
589,Escavalier,https://img.pokemondb.net/sprites/sword-shield/icon/escavalier.png,bug,steel
590,Foongus,https://img.pokemondb.net/sprites/sword-shield/icon/foongus.png,grass,poison
591,Amoonguss,https://img.pokemondb.net/sprites/sword-shield/icon/amoonguss.png,grass,poison
592,Frillish,https://img.pokemondb.net/sprites/sword-shield/icon/frillish.png,water,ghost
593,Jellicent,https://img.pokemondb.net/sprites/sword-shield/icon/jellicent.png,water,ghost
594,Alomomola,https://img.pokemondb.net/sprites/sword-shield/icon/alomomola.png,water,
595,Joltik,https://img.pokemondb.net/sprites/sword-shield/icon/joltik.png,bug,electric
596,Galvantula,https://img.pokemondb.net/sprites/sword-shield/icon/galvantula.png,bug,electric
597,Ferroseed,https://img.pokemondb.net/sprites/sword-shield/icon/ferroseed.png,grass,steel
598,Ferrothorn,https://img.pokemondb.net/sprites/sword-shield/icon/ferrothorn.png,grass,steel
599,Klink,https://img.pokemondb.net/sprites/sword-shield/icon/klink.png,steel,
600,Klang,https://img.pokemondb.net/sprites/sword-shield/icon/klang.png,steel,
601,Klinklang,https://img.pokemondb.net/sprites/sword-shield/icon/klinklang.png,steel,
602,Tynamo,https://img.pokemondb.net/sprites/sword-shield/icon/tynamo.png,electric,
603,Eelektrik,https://img.pokemondb.net/sprites/sword-shield/icon/eelektrik.png,electric,
604,Eelektross,https://img.pokemondb.net/sprites/sword-shield/icon/eelektross.png,electric,
605,Elgyem,https://img.pokemondb.net/sprites/sword-shield/icon/elgyem.png,psychic,
606,Beheeyem,https://img.pokemondb.net/sprites/sword-shield/icon/beheeyem.png,psychic,
607,Litwick,https://img.pokemondb.net/sprites/sword-shield/icon/litwick.png,ghost,fire
608,Lampent,https://img.pokemondb.net/sprites/sword-shield/icon/lampent.png,ghost,fire
609,Chandelure,https://img.pokemondb.net/sprites/sword-shield/icon/chandelure.png,ghost,fire
610,Axew,https://img.pokemondb.net/sprites/sword-shield/icon/axew.png,dragon,
611,Fraxure,https://img.pokemondb.net/sprites/sword-shield/icon/fraxure.png,dragon,
612,Haxorus,https://img.pokemondb.net/sprites/sword-shield/icon/haxorus.png,dragon,
613,Cubchoo,https://img.pokemondb.net/sprites/sword-shield/icon/cubchoo.png,ice,
614,Beartic,https://img.pokemondb.net/sprites/sword-shield/icon/beartic.png,ice,
615,Cryogonal,https://img.pokemondb.net/sprites/sword-shield/icon/cryogonal.png,ice,
616,Shelmet,https://img.pokemondb.net/sprites/sword-shield/icon/shelmet.png,bug,
617,Accelgor,https://img.pokemondb.net/sprites/sword-shield/icon/accelgor.png,bug,
618,Stunfisk,https://img.pokemondb.net/sprites/sword-shield/icon/stunfisk-galarian.png,ground,steel
618,Stunfisk,https://img.pokemondb.net/sprites/sword-shield/icon/stunfisk.png,ground,electric
619,Mienfoo,https://img.pokemondb.net/sprites/sword-shield/icon/mienfoo.png,fighting,
620,Mienshao,https://img.pokemondb.net/sprites/sword-shield/icon/mienshao.png,fighting,
621,Druddigon,https://img.pokemondb.net/sprites/sword-shield/icon/druddigon.png,dragon,
622,Golett,https://img.pokemondb.net/sprites/sword-shield/icon/golett.png,ground,ghost
623,Golurk,https://img.pokemondb.net/sprites/sword-shield/icon/golurk.png,ground,ghost
624,Pawniard,https://img.pokemondb.net/sprites/sword-shield/icon/pawniard.png,dark,steel
625,Bisharp,https://img.pokemondb.net/sprites/sword-shield/icon/bisharp.png,dark,steel
626,Bouffalant,https://img.pokemondb.net/sprites/sword-shield/icon/bouffalant.png,normal,
627,Rufflet,https://img.pokemondb.net/sprites/sword-shield/icon/rufflet.png,normal,flying
628,Braviary,https://img.pokemondb.net/sprites/sword-shield/icon/braviary.png,normal,flying
629,Vullaby,https://img.pokemondb.net/sprites/sword-shield/icon/vullaby.png,dark,flying
630,Mandibuzz,https://img.pokemondb.net/sprites/sword-shield/icon/mandibuzz.png,dark,flying
631,Heatmor,https://img.pokemondb.net/sprites/sword-shield/icon/heatmor.png,fire,
632,Durant,https://img.pokemondb.net/sprites/sword-shield/icon/durant.png,bug,steel
633,Deino,https://img.pokemondb.net/sprites/sword-shield/icon/deino.png,dark,dragon
634,Zweilous,https://img.pokemondb.net/sprites/sword-shield/icon/zweilous.png,dark,dragon
635,Hydreigon,https://img.pokemondb.net/sprites/sword-shield/icon/hydreigon.png,dark,dragon
636,Larvesta,https://img.pokemondb.net/sprites/sword-shield/icon/larvesta.png,bug,fire
637,Volcarona,https://img.pokemondb.net/sprites/sword-shield/icon/volcarona.png,bug,fire
638,Cobalion,https://img.pokemondb.net/sprites/sword-shield/icon/cobalion.png,steel,fighting
639,Terrakion,https://img.pokemondb.net/sprites/sword-shield/icon/terrakion.png,rock,fighting
640,Virizion,https://img.pokemondb.net/sprites/sword-shield/icon/virizion.png,grass,fighting
641,Tornadus,https://img.pokemondb.net/sprites/sword-shield/icon/tornadus-incarnate.png,flying,
641,Tornadus,https://img.pokemondb.net/sprites/sword-shield/icon/tornadus-therian.png,flying,
642,Thundurus,https://img.pokemondb.net/sprites/sword-shield/icon/thundurus-incarnate.png,electric,flying
642,Thundurus,https://img.pokemondb.net/sprites/sword-shield/icon/thundurus-therian.png,electric,flying
643,Reshiram,https://img.pokemondb.net/sprites/sword-shield/icon/reshiram.png,dragon,fire
644,Zekrom,https://img.pokemondb.net/sprites/sword-shield/icon/zekrom.png,dragon,electric
645,Landorus,https://img.pokemondb.net/sprites/sword-shield/icon/landorus-incarnate.png,ground,flying
645,Landorus,https://img.pokemondb.net/sprites/sword-shield/icon/landorus-therian.png,ground,flying
646,Kyurem,https://img.pokemondb.net/sprites/sword-shield/icon/kyurem-black.png,dragon,ice
646,Kyurem,https://img.pokemondb.net/sprites/sword-shield/icon/kyurem-white.png,dragon,ice
646,Kyurem,https://img.pokemondb.net/sprites/sword-shield/icon/kyurem.png,dragon,ice
647,Keldeo,https://img.pokemondb.net/sprites/sword-shield/icon/keldeo-ordinary.png,water,fighting
647,Keldeo,https://img.pokemondb.net/sprites/sword-shield/icon/keldeo-resolute.png,water,fighting
648,Meloetta,https://img.pokemondb.net/sprites/sword-shield/icon/meloetta-aria.png,normal,psychic
648,Meloetta,https://img.pokemondb.net/sprites/sword-shield/icon/meloetta-pirouette.png,normal,fighting
649,Genesect,https://img.pokemondb.net/sprites/sword-shield/icon/genesect.png,bug,steel
650,Chespin,https://img.pokemondb.net/sprites/sword-shield/icon/chespin.png,grass,
651,Quilladin,https://img.pokemondb.net/sprites/sword-shield/icon/quilladin.png,grass,
652,Chesnaught,https://img.pokemondb.net/sprites/sword-shield/icon/chesnaught.png,grass,fighting
653,Fennekin,https://img.pokemondb.net/sprites/sword-shield/icon/fennekin.png,fire,
654,Braixen,https://img.pokemondb.net/sprites/sword-shield/icon/braixen.png,fire,
655,Delphox,https://img.pokemondb.net/sprites/sword-shield/icon/delphox.png,fire,psychic
656,Froakie,https://img.pokemondb.net/sprites/sword-shield/icon/froakie.png,water,
657,Frogadier,https://img.pokemondb.net/sprites/sword-shield/icon/frogadier.png,water,
658,Greninja,https://img.pokemondb.net/sprites/sword-shield/icon/greninja-ash.png,water,dark
658,Greninja,https://img.pokemondb.net/sprites/sword-shield/icon/greninja.png,water,dark
659,Bunnelby,https://img.pokemondb.net/sprites/sword-shield/icon/bunnelby.png,normal,
660,Diggersby,https://img.pokemondb.net/sprites/sword-shield/icon/diggersby.png,normal,ground
661,Fletchling,https://img.pokemondb.net/sprites/sword-shield/icon/fletchling.png,normal,flying
662,Fletchinder,https://img.pokemondb.net/sprites/sword-shield/icon/fletchinder.png,fire,flying
663,Talonflame,https://img.pokemondb.net/sprites/sword-shield/icon/talonflame.png,fire,flying
664,Scatterbug,https://img.pokemondb.net/sprites/sword-shield/icon/scatterbug.png,bug,
665,Spewpa,https://img.pokemondb.net/sprites/sword-shield/icon/spewpa.png,bug,
666,Vivillon,https://img.pokemondb.net/sprites/sword-shield/icon/vivillon.png,bug,flying
667,Litleo,https://img.pokemondb.net/sprites/sword-shield/icon/litleo.png,fire,normal
668,Pyroar,https://img.pokemondb.net/sprites/sword-shield/icon/pyroar.png,fire,normal
669,FlabĂ,https://img.pokemondb.net/sprites/sword-shield/icon/flabebe.png,fairy,
670,Floette,https://img.pokemondb.net/sprites/sword-shield/icon/floette.png,fairy,
671,Florges,https://img.pokemondb.net/sprites/sword-shield/icon/florges.png,fairy,
672,Skiddo,https://img.pokemondb.net/sprites/sword-shield/icon/skiddo.png,grass,
673,Gogoat,https://img.pokemondb.net/sprites/sword-shield/icon/gogoat.png,grass,
674,Pancham,https://img.pokemondb.net/sprites/sword-shield/icon/pancham.png,fighting,
675,Pangoro,https://img.pokemondb.net/sprites/sword-shield/icon/pangoro.png,fighting,dark
676,Furfrou,https://img.pokemondb.net/sprites/sword-shield/icon/furfrou.png,normal,
677,Espurr,https://img.pokemondb.net/sprites/sword-shield/icon/espurr.png,psychic,
678,Meowstic,https://img.pokemondb.net/sprites/sword-shield/icon/meowstic-female.png,psychic,
678,Meowstic,https://img.pokemondb.net/sprites/sword-shield/icon/meowstic-male.png,psychic,
679,Honedge,https://img.pokemondb.net/sprites/sword-shield/icon/honedge.png,steel,ghost
680,Doublade,https://img.pokemondb.net/sprites/sword-shield/icon/doublade.png,steel,ghost
681,Aegislash,https://img.pokemondb.net/sprites/sword-shield/icon/aegislash-blade.png,steel,ghost
681,Aegislash,https://img.pokemondb.net/sprites/sword-shield/icon/aegislash-shield.png,steel,ghost
682,Spritzee,https://img.pokemondb.net/sprites/sword-shield/icon/spritzee.png,fairy,
683,Aromatisse,https://img.pokemondb.net/sprites/sword-shield/icon/aromatisse.png,fairy,
684,Swirlix,https://img.pokemondb.net/sprites/sword-shield/icon/swirlix.png,fairy,
685,Slurpuff,https://img.pokemondb.net/sprites/sword-shield/icon/slurpuff.png,fairy,
686,Inkay,https://img.pokemondb.net/sprites/sword-shield/icon/inkay.png,dark,psychic
687,Malamar,https://img.pokemondb.net/sprites/sword-shield/icon/malamar.png,dark,psychic
688,Binacle,https://img.pokemondb.net/sprites/sword-shield/icon/binacle.png,rock,water
689,Barbaracle,https://img.pokemondb.net/sprites/sword-shield/icon/barbaracle.png,rock,water
690,Skrelp,https://img.pokemondb.net/sprites/sword-shield/icon/skrelp.png,poison,water
691,Dragalge,https://img.pokemondb.net/sprites/sword-shield/icon/dragalge.png,poison,dragon
692,Clauncher,https://img.pokemondb.net/sprites/sword-shield/icon/clauncher.png,water,
693,Clawitzer,https://img.pokemondb.net/sprites/sword-shield/icon/clawitzer.png,water,
694,Helioptile,https://img.pokemondb.net/sprites/sword-shield/icon/helioptile.png,electric,normal
695,Heliolisk,https://img.pokemondb.net/sprites/sword-shield/icon/heliolisk.png,electric,normal
696,Tyrunt,https://img.pokemondb.net/sprites/sword-shield/icon/tyrunt.png,rock,dragon
697,Tyrantrum,https://img.pokemondb.net/sprites/sword-shield/icon/tyrantrum.png,rock,dragon
698,Amaura,https://img.pokemondb.net/sprites/sword-shield/icon/amaura.png,rock,ice
699,Aurorus,https://img.pokemondb.net/sprites/sword-shield/icon/aurorus.png,rock,ice
700,Sylveon,https://img.pokemondb.net/sprites/sword-shield/icon/sylveon.png,fairy,
701,Hawlucha,https://img.pokemondb.net/sprites/sword-shield/icon/hawlucha.png,fighting,flying
702,Dedenne,https://img.pokemondb.net/sprites/sword-shield/icon/dedenne.png,electric,fairy
703,Carbink,https://img.pokemondb.net/sprites/sword-shield/icon/carbink.png,rock,fairy
704,Goomy,https://img.pokemondb.net/sprites/sword-shield/icon/goomy.png,dragon,
705,Sliggoo,https://img.pokemondb.net/sprites/sword-shield/icon/sliggoo.png,dragon,
706,Goodra,https://img.pokemondb.net/sprites/sword-shield/icon/goodra.png,dragon,
707,Klefki,https://img.pokemondb.net/sprites/sword-shield/icon/klefki.png,steel,fairy
708,Phantump,https://img.pokemondb.net/sprites/sword-shield/icon/phantump.png,ghost,grass
709,Trevenant,https://img.pokemondb.net/sprites/sword-shield/icon/trevenant.png,ghost,grass
710,Pumpkaboo,https://img.pokemondb.net/sprites/sword-shield/icon/pumpkaboo-average.png,ghost,grass
710,Pumpkaboo,https://img.pokemondb.net/sprites/sword-shield/icon/pumpkaboo-large.png,ghost,grass
710,Pumpkaboo,https://img.pokemondb.net/sprites/sword-shield/icon/pumpkaboo-small.png,ghost,grass
710,Pumpkaboo,https://img.pokemondb.net/sprites/sword-shield/icon/pumpkaboo-super.png,ghost,grass
711,Gourgeist,https://img.pokemondb.net/sprites/sword-shield/icon/gourgeist-average.png,ghost,grass
711,Gourgeist,https://img.pokemondb.net/sprites/sword-shield/icon/gourgeist-large.png,ghost,grass
711,Gourgeist,https://img.pokemondb.net/sprites/sword-shield/icon/gourgeist-small.png,ghost,grass
711,Gourgeist,https://img.pokemondb.net/sprites/sword-shield/icon/gourgeist-super.png,ghost,grass
712,Bergmite,https://img.pokemondb.net/sprites/sword-shield/icon/bergmite.png,ice,
713,Avalugg,https://img.pokemondb.net/sprites/sword-shield/icon/avalugg.png,ice,
714,Noibat,https://img.pokemondb.net/sprites/sword-shield/icon/noibat.png,flying,dragon
715,Noivern,https://img.pokemondb.net/sprites/sword-shield/icon/noivern.png,flying,dragon
716,Xerneas,https://img.pokemondb.net/sprites/sword-shield/icon/xerneas.png,fairy,
717,Yveltal,https://img.pokemondb.net/sprites/sword-shield/icon/yveltal.png,dark,flying
718,Zygarde,https://img.pokemondb.net/sprites/sword-shield/icon/zygarde-10.png,dragon,ground
718,Zygarde,https://img.pokemondb.net/sprites/sword-shield/icon/zygarde-50.png,dragon,ground
718,Zygarde,https://img.pokemondb.net/sprites/sword-shield/icon/zygarde-complete.png,dragon,ground
719,Diancie,https://img.pokemondb.net/sprites/sword-shield/icon/diancie-mega.png,rock,fairy
719,Diancie,https://img.pokemondb.net/sprites/sword-shield/icon/diancie.png,rock,fairy
720,Hoopa,https://img.pokemondb.net/sprites/sword-shield/icon/hoopa-confined.png,psychic,ghost
720,Hoopa,https://img.pokemondb.net/sprites/sword-shield/icon/hoopa-unbound.png,psychic,dark
721,Volcanion,https://img.pokemondb.net/sprites/sword-shield/icon/volcanion.png,fire,water
722,Rowlet,https://img.pokemondb.net/sprites/sword-shield/icon/rowlet.png,grass,flying
723,Dartrix,https://img.pokemondb.net/sprites/sword-shield/icon/dartrix.png,grass,flying
724,Decidueye,https://img.pokemondb.net/sprites/sword-shield/icon/decidueye.png,grass,ghost
725,Litten,https://img.pokemondb.net/sprites/sword-shield/icon/litten.png,fire,
726,Torracat,https://img.pokemondb.net/sprites/sword-shield/icon/torracat.png,fire,
727,Incineroar,https://img.pokemondb.net/sprites/sword-shield/icon/incineroar.png,fire,dark
728,Popplio,https://img.pokemondb.net/sprites/sword-shield/icon/popplio.png,water,
729,Brionne,https://img.pokemondb.net/sprites/sword-shield/icon/brionne.png,water,
730,Primarina,https://img.pokemondb.net/sprites/sword-shield/icon/primarina.png,water,fairy
731,Pikipek,https://img.pokemondb.net/sprites/sword-shield/icon/pikipek.png,normal,flying
732,Trumbeak,https://img.pokemondb.net/sprites/sword-shield/icon/trumbeak.png,normal,flying
733,Toucannon,https://img.pokemondb.net/sprites/sword-shield/icon/toucannon.png,normal,flying
734,Yungoos,https://img.pokemondb.net/sprites/sword-shield/icon/yungoos.png,normal,
735,Gumshoos,https://img.pokemondb.net/sprites/sword-shield/icon/gumshoos.png,normal,
736,Grubbin,https://img.pokemondb.net/sprites/sword-shield/icon/grubbin.png,bug,
737,Charjabug,https://img.pokemondb.net/sprites/sword-shield/icon/charjabug.png,bug,electric
738,Vikavolt,https://img.pokemondb.net/sprites/sword-shield/icon/vikavolt.png,bug,electric
739,Crabrawler,https://img.pokemondb.net/sprites/sword-shield/icon/crabrawler.png,fighting,
740,Crabominable,https://img.pokemondb.net/sprites/sword-shield/icon/crabominable.png,fighting,ice
741,Oricorio,https://img.pokemondb.net/sprites/sword-shield/icon/oricorio-baile.png,fire,flying
741,Oricorio,https://img.pokemondb.net/sprites/sword-shield/icon/oricorio-pau.png,psychic,flying
741,Oricorio,https://img.pokemondb.net/sprites/sword-shield/icon/oricorio-pom-pom.png,electric,flying
741,Oricorio,https://img.pokemondb.net/sprites/sword-shield/icon/oricorio-sensu.png,ghost,flying
742,Cutiefly,https://img.pokemondb.net/sprites/sword-shield/icon/cutiefly.png,bug,fairy
743,Ribombee,https://img.pokemondb.net/sprites/sword-shield/icon/ribombee.png,bug,fairy
744,Rockruff,https://img.pokemondb.net/sprites/sword-shield/icon/rockruff-own-tempo.png,rock,
744,Rockruff,https://img.pokemondb.net/sprites/sword-shield/icon/rockruff.png,rock,
745,Lycanroc,https://img.pokemondb.net/sprites/sword-shield/icon/lycanroc-dusk.png,rock,
745,Lycanroc,https://img.pokemondb.net/sprites/sword-shield/icon/lycanroc-midday.png,rock,
745,Lycanroc,https://img.pokemondb.net/sprites/sword-shield/icon/lycanroc-midnight.png,rock,
746,Wishiwashi,https://img.pokemondb.net/sprites/sword-shield/icon/wishiwashi-school.png,water,
746,Wishiwashi,https://img.pokemondb.net/sprites/sword-shield/icon/wishiwashi-solo.png,water,
747,Mareanie,https://img.pokemondb.net/sprites/sword-shield/icon/mareanie.png,poison,water
748,Toxapex,https://img.pokemondb.net/sprites/sword-shield/icon/toxapex.png,poison,water
749,Mudbray,https://img.pokemondb.net/sprites/sword-shield/icon/mudbray.png,ground,
750,Mudsdale,https://img.pokemondb.net/sprites/sword-shield/icon/mudsdale.png,ground,
751,Dewpider,https://img.pokemondb.net/sprites/sword-shield/icon/dewpider.png,water,bug
752,Araquanid,https://img.pokemondb.net/sprites/sword-shield/icon/araquanid.png,water,bug
753,Fomantis,https://img.pokemondb.net/sprites/sword-shield/icon/fomantis.png,grass,
754,Lurantis,https://img.pokemondb.net/sprites/sword-shield/icon/lurantis.png,grass,
755,Morelull,https://img.pokemondb.net/sprites/sword-shield/icon/morelull.png,grass,fairy
756,Shiinotic,https://img.pokemondb.net/sprites/sword-shield/icon/shiinotic.png,grass,fairy
757,Salandit,https://img.pokemondb.net/sprites/sword-shield/icon/salandit.png,poison,fire
758,Salazzle,https://img.pokemondb.net/sprites/sword-shield/icon/salazzle.png,poison,fire
759,Stufful,https://img.pokemondb.net/sprites/sword-shield/icon/stufful.png,normal,fighting
760,Bewear,https://img.pokemondb.net/sprites/sword-shield/icon/bewear.png,normal,fighting
761,Bounsweet,https://img.pokemondb.net/sprites/sword-shield/icon/bounsweet.png,grass,
762,Steenee,https://img.pokemondb.net/sprites/sword-shield/icon/steenee.png,grass,
763,Tsareena,https://img.pokemondb.net/sprites/sword-shield/icon/tsareena.png,grass,
764,Comfey,https://img.pokemondb.net/sprites/sword-shield/icon/comfey.png,fairy,
765,Oranguru,https://img.pokemondb.net/sprites/sword-shield/icon/oranguru.png,normal,psychic
766,Passimian,https://img.pokemondb.net/sprites/sword-shield/icon/passimian.png,fighting,
767,Wimpod,https://img.pokemondb.net/sprites/sword-shield/icon/wimpod.png,bug,water
768,Golisopod,https://img.pokemondb.net/sprites/sword-shield/icon/golisopod.png,bug,water
769,Sandygast,https://img.pokemondb.net/sprites/sword-shield/icon/sandygast.png,ghost,ground
770,Palossand,https://img.pokemondb.net/sprites/sword-shield/icon/palossand.png,ghost,ground
771,Pyukumuku,https://img.pokemondb.net/sprites/sword-shield/icon/pyukumuku.png,water,
772,Type,https://img.pokemondb.net/sprites/sword-shield/icon/type-null.png,normal,
773,Silvally,https://img.pokemondb.net/sprites/sword-shield/icon/silvally.png,normal,
774,Minior,https://img.pokemondb.net/sprites/sword-shield/icon/minior-core.png,rock,flying
774,Minior,https://img.pokemondb.net/sprites/sword-shield/icon/minior-meteor.png,rock,flying
775,Komala,https://img.pokemondb.net/sprites/sword-shield/icon/komala.png,normal,
776,Turtonator,https://img.pokemondb.net/sprites/sword-shield/icon/turtonator.png,fire,dragon
777,Togedemaru,https://img.pokemondb.net/sprites/sword-shield/icon/togedemaru.png,electric,steel
778,Mimikyu,https://img.pokemondb.net/sprites/sword-shield/icon/mimikyu.png,ghost,fairy
779,Bruxish,https://img.pokemondb.net/sprites/sword-shield/icon/bruxish.png,water,psychic
780,Drampa,https://img.pokemondb.net/sprites/sword-shield/icon/drampa.png,normal,dragon
781,Dhelmise,https://img.pokemondb.net/sprites/sword-shield/icon/dhelmise.png,ghost,grass
782,Jangmo,https://img.pokemondb.net/sprites/sword-shield/icon/jangmo-o.png,dragon,
783,Hakamo,https://img.pokemondb.net/sprites/sword-shield/icon/hakamo-o.png,dragon,fighting
784,Kommo,https://img.pokemondb.net/sprites/sword-shield/icon/kommo-o.png,dragon,fighting
785,Tapu,https://img.pokemondb.net/sprites/sword-shield/icon/tapu-koko.png,electric,fairy
786,Tapu,https://img.pokemondb.net/sprites/sword-shield/icon/tapu-lele.png,psychic,fairy
787,Tapu,https://img.pokemondb.net/sprites/sword-shield/icon/tapu-bulu.png,grass,fairy
788,Tapu,https://img.pokemondb.net/sprites/sword-shield/icon/tapu-fini.png,water,fairy
789,Cosmog,https://img.pokemondb.net/sprites/sword-shield/icon/cosmog.png,psychic,
790,Cosmoem,https://img.pokemondb.net/sprites/sword-shield/icon/cosmoem.png,psychic,
791,Solgaleo,https://img.pokemondb.net/sprites/sword-shield/icon/solgaleo.png,psychic,steel
792,Lunala,https://img.pokemondb.net/sprites/sword-shield/icon/lunala.png,psychic,ghost
793,Nihilego,https://img.pokemondb.net/sprites/sword-shield/icon/nihilego.png,rock,poison
794,Buzzwole,https://img.pokemondb.net/sprites/sword-shield/icon/buzzwole.png,bug,fighting
795,Pheromosa,https://img.pokemondb.net/sprites/sword-shield/icon/pheromosa.png,bug,fighting
796,Xurkitree,https://img.pokemondb.net/sprites/sword-shield/icon/xurkitree.png,electric,
797,Celesteela,https://img.pokemondb.net/sprites/sword-shield/icon/celesteela.png,steel,flying
798,Kartana,https://img.pokemondb.net/sprites/sword-shield/icon/kartana.png,grass,steel
799,Guzzlord,https://img.pokemondb.net/sprites/sword-shield/icon/guzzlord.png,dark,dragon
800,Necrozma,https://img.pokemondb.net/sprites/sword-shield/icon/necrozma-dawn-wings.png,psychic,ghost
800,Necrozma,https://img.pokemondb.net/sprites/sword-shield/icon/necrozma-dusk-mane.png,psychic,steel
800,Necrozma,https://img.pokemondb.net/sprites/sword-shield/icon/necrozma-ultra.png,psychic,dragon
800,Necrozma,https://img.pokemondb.net/sprites/sword-shield/icon/necrozma.png,psychic,
801,Magearna,https://img.pokemondb.net/sprites/sword-shield/icon/magearna.png,steel,fairy
802,Marshadow,https://img.pokemondb.net/sprites/sword-shield/icon/marshadow.png,fighting,ghost
803,Poipole,https://img.pokemondb.net/sprites/sword-shield/icon/poipole.png,poison,
804,Naganadel,https://img.pokemondb.net/sprites/sword-shield/icon/naganadel.png,poison,dragon
805,Stakataka,https://img.pokemondb.net/sprites/sword-shield/icon/stakataka.png,rock,steel
806,Blacephalon,https://img.pokemondb.net/sprites/sword-shield/icon/blacephalon.png,fire,ghost
807,Zeraora,https://img.pokemondb.net/sprites/sword-shield/icon/zeraora.png,electric,
808,Meltan,https://img.pokemondb.net/sprites/sword-shield/icon/meltan.png,steel,
809,Melmetal,https://img.pokemondb.net/sprites/sword-shield/icon/melmetal.png,steel,
810,Grookey,https://img.pokemondb.net/sprites/sword-shield/icon/grookey.png,grass,
811,Thwackey,https://img.pokemondb.net/sprites/sword-shield/icon/thwackey.png,grass,
812,Rillaboom,https://img.pokemondb.net/sprites/sword-shield/icon/rillaboom.png,grass,
813,Scorbunny,https://img.pokemondb.net/sprites/sword-shield/icon/scorbunny.png,fire,
814,Raboot,https://img.pokemondb.net/sprites/sword-shield/icon/raboot.png,fire,
815,Cinderace,https://img.pokemondb.net/sprites/sword-shield/icon/cinderace.png,fire,
816,Sobble,https://img.pokemondb.net/sprites/sword-shield/icon/sobble.png,water,
817,Drizzile,https://img.pokemondb.net/sprites/sword-shield/icon/drizzile.png,water,
818,Inteleon,https://img.pokemondb.net/sprites/sword-shield/icon/inteleon.png,water,
819,Skwovet,https://img.pokemondb.net/sprites/sword-shield/icon/skwovet.png,normal,
820,Greedent,https://img.pokemondb.net/sprites/sword-shield/icon/greedent.png,normal,
821,Rookidee,https://img.pokemondb.net/sprites/sword-shield/icon/rookidee.png,flying,
822,Corvisquire,https://img.pokemondb.net/sprites/sword-shield/icon/corvisquire.png,flying,
823,Corviknight,https://img.pokemondb.net/sprites/sword-shield/icon/corviknight.png,flying,steel
824,Blipbug,https://img.pokemondb.net/sprites/sword-shield/icon/blipbug.png,bug,
825,Dottler,https://img.pokemondb.net/sprites/sword-shield/icon/dottler.png,bug,psychic
826,Orbeetle,https://img.pokemondb.net/sprites/sword-shield/icon/orbeetle.png,bug,psychic
827,Nickit,https://img.pokemondb.net/sprites/sword-shield/icon/nickit.png,dark,
828,Thievul,https://img.pokemondb.net/sprites/sword-shield/icon/thievul.png,dark,
829,Gossifleur,https://img.pokemondb.net/sprites/sword-shield/icon/gossifleur.png,grass,
830,Eldegoss,https://img.pokemondb.net/sprites/sword-shield/icon/eldegoss.png,grass,
831,Wooloo,https://img.pokemondb.net/sprites/sword-shield/icon/wooloo.png,normal,
832,Dubwool,https://img.pokemondb.net/sprites/sword-shield/icon/dubwool.png,normal,
833,Chewtle,https://img.pokemondb.net/sprites/sword-shield/icon/chewtle.png,water,
834,Drednaw,https://img.pokemondb.net/sprites/sword-shield/icon/drednaw.png,water,rock
835,Yamper,https://img.pokemondb.net/sprites/sword-shield/icon/yamper.png,electric,
836,Boltund,https://img.pokemondb.net/sprites/sword-shield/icon/boltund.png,electric,
837,Rolycoly,https://img.pokemondb.net/sprites/sword-shield/icon/rolycoly.png,rock,
838,Carkol,https://img.pokemondb.net/sprites/sword-shield/icon/carkol.png,rock,fire
839,Coalossal,https://img.pokemondb.net/sprites/sword-shield/icon/coalossal.png,rock,fire
840,Applin,https://img.pokemondb.net/sprites/sword-shield/icon/applin.png,grass,dragon
841,Flapple,https://img.pokemondb.net/sprites/sword-shield/icon/flapple.png,grass,dragon
842,Appletun,https://img.pokemondb.net/sprites/sword-shield/icon/appletun.png,grass,dragon
843,Silicobra,https://img.pokemondb.net/sprites/sword-shield/icon/silicobra.png,ground,
844,Sandaconda,https://img.pokemondb.net/sprites/sword-shield/icon/sandaconda.png,ground,
845,Cramorant,https://img.pokemondb.net/sprites/sword-shield/icon/cramorant.png,flying,water
846,Arrokuda,https://img.pokemondb.net/sprites/sword-shield/icon/arrokuda.png,water,
847,Barraskewda,https://img.pokemondb.net/sprites/sword-shield/icon/barraskewda.png,water,
848,Toxel,https://img.pokemondb.net/sprites/sword-shield/icon/toxel.png,electric,poison
849,Toxtricity,https://img.pokemondb.net/sprites/sword-shield/icon/toxtricity-amped.png,electric,poison
849,Toxtricity,https://img.pokemondb.net/sprites/sword-shield/icon/toxtricity-low-key.png,electric,poison
850,Sizzlipede,https://img.pokemondb.net/sprites/sword-shield/icon/sizzlipede.png,fire,bug
851,Centiskorch,https://img.pokemondb.net/sprites/sword-shield/icon/centiskorch.png,fire,bug
852,Clobbopus,https://img.pokemondb.net/sprites/sword-shield/icon/clobbopus.png,fighting,
853,Grapploct,https://img.pokemondb.net/sprites/sword-shield/icon/grapploct.png,fighting,
854,Sinistea,https://img.pokemondb.net/sprites/sword-shield/icon/sinistea.png,ghost,
855,Polteageist,https://img.pokemondb.net/sprites/sword-shield/icon/polteageist.png,ghost,
856,Hatenna,https://img.pokemondb.net/sprites/sword-shield/icon/hatenna.png,psychic,
857,Hattrem,https://img.pokemondb.net/sprites/sword-shield/icon/hattrem.png,psychic,
858,Hatterene,https://img.pokemondb.net/sprites/sword-shield/icon/hatterene.png,psychic,fairy
859,Impidimp,https://img.pokemondb.net/sprites/sword-shield/icon/impidimp.png,dark,fairy
860,Morgrem,https://img.pokemondb.net/sprites/sword-shield/icon/morgrem.png,dark,fairy
861,Grimmsnarl,https://img.pokemondb.net/sprites/sword-shield/icon/grimmsnarl.png,dark,fairy
862,Obstagoon,https://img.pokemondb.net/sprites/sword-shield/icon/obstagoon.png,dark,normal
863,Perrserker,https://img.pokemondb.net/sprites/sword-shield/icon/perrserker.png,steel,
864,Cursola,https://img.pokemondb.net/sprites/sword-shield/icon/cursola.png,ghost,
865,Sirfetch,https://img.pokemondb.net/sprites/sword-shield/icon/sirfetchd.png,fighting,
866,Mr,https://img.pokemondb.net/sprites/sword-shield/icon/mr-rime.png,ice,psychic
867,Runerigus,https://img.pokemondb.net/sprites/sword-shield/icon/runerigus.png,ground,ghost
868,Milcery,https://img.pokemondb.net/sprites/sword-shield/icon/milcery.png,fairy,
869,Alcremie,https://img.pokemondb.net/sprites/sword-shield/icon/alcremie.png,fairy,
870,Falinks,https://img.pokemondb.net/sprites/sword-shield/icon/falinks.png,fighting,
871,Pincurchin,https://img.pokemondb.net/sprites/sword-shield/icon/pincurchin.png,electric,
872,Snom,https://img.pokemondb.net/sprites/sword-shield/icon/snom.png,ice,bug
873,Frosmoth,https://img.pokemondb.net/sprites/sword-shield/icon/frosmoth.png,ice,bug
874,Stonjourner,https://img.pokemondb.net/sprites/sword-shield/icon/stonjourner.png,rock,
875,Eiscue,https://img.pokemondb.net/sprites/sword-shield/icon/eiscue-ice.png,ice,
875,Eiscue,https://img.pokemondb.net/sprites/sword-shield/icon/eiscue-noice.png,ice,
876,Indeedee,https://img.pokemondb.net/sprites/sword-shield/icon/indeedee-female.png,psychic,normal
876,Indeedee,https://img.pokemondb.net/sprites/sword-shield/icon/indeedee-male.png,psychic,normal
877,Morpeko,https://img.pokemondb.net/sprites/sword-shield/icon/morpeko-full-belly.png,electric,dark
877,Morpeko,https://img.pokemondb.net/sprites/sword-shield/icon/morpeko-hangry.png,electric,dark
878,Cufant,https://img.pokemondb.net/sprites/sword-shield/icon/cufant.png,steel,
879,Copperajah,https://img.pokemondb.net/sprites/sword-shield/icon/copperajah.png,steel,
880,Dracozolt,https://img.pokemondb.net/sprites/sword-shield/icon/dracozolt.png,electric,dragon
881,Arctozolt,https://img.pokemondb.net/sprites/sword-shield/icon/arctozolt.png,electric,ice
882,Dracovish,https://img.pokemondb.net/sprites/sword-shield/icon/dracovish.png,water,dragon
883,Arctovish,https://img.pokemondb.net/sprites/sword-shield/icon/arctovish.png,water,ice
884,Duraludon,https://img.pokemondb.net/sprites/sword-shield/icon/duraludon.png,steel,dragon
885,Dreepy,https://img.pokemondb.net/sprites/sword-shield/icon/dreepy.png,dragon,ghost
886,Drakloak,https://img.pokemondb.net/sprites/sword-shield/icon/drakloak.png,dragon,ghost
887,Dragapult,https://img.pokemondb.net/sprites/sword-shield/icon/dragapult.png,dragon,ghost
888,Zacian,https://img.pokemondb.net/sprites/sword-shield/icon/zacian-crowned.png,fairy,steel
888,Zacian,https://img.pokemondb.net/sprites/sword-shield/icon/zacian-hero.png,fairy,
889,Zamazenta,https://img.pokemondb.net/sprites/sword-shield/icon/zamazenta-crowned.png,fighting,steel
889,Zamazenta,https://img.pokemondb.net/sprites/sword-shield/icon/zamazenta-hero.png,fighting,
890,Eternatus,https://img.pokemondb.net/sprites/sword-shield/icon/eternatus-eternamax.png,poison,dragon
890,Eternatus,https://img.pokemondb.net/sprites/sword-shield/icon/eternatus.png,poison,dragon
891,Kubfu,https://img.pokemondb.net/sprites/sword-shield/icon/kubfu.png,fighting,
892,Urshifu,https://img.pokemondb.net/sprites/sword-shield/icon/urshifu-rapid-strike.png,fighting,water
892,Urshifu,https://img.pokemondb.net/sprites/sword-shield/icon/urshifu-single-strike.png,fighting,dark
893,Zarude,https://img.pokemondb.net/sprites/sword-shield/icon/zarude.png,dark,grass
894,Regieleki,https://img.pokemondb.net/sprites/sword-shield/icon/regieleki.png,electric,
895,Regidrago,https://img.pokemondb.net/sprites/sword-shield/icon/regidrago.png,dragon,
896,Glastrier,https://img.pokemondb.net/sprites/sword-shield/icon/glastrier.png,ice,
897,Spectrier,https://img.pokemondb.net/sprites/sword-shield/icon/spectrier.png,ghost,
898,Calyrex,https://img.pokemondb.net/sprites/sword-shield/icon/calyrex-ice-rider.png,psychic,ice
898,Calyrex,https://img.pokemondb.net/sprites/sword-shield/icon/calyrex-shadow-rider.png,psychic,ghost
898,Calyrex,https://img.pokemondb.net/sprites/sword-shield/icon/calyrex.png,psychic,grass